Workbook

Sheet Pivot Table
A1: Row Labels | B1: Average of Total Engagement | C1: Sum of Shares | E1: Row Labels | F1: Sum of Ad_Spend
A2: Facebook | B2: 3677.6145 | C2: 39181 | E2: Facebook | F2: 1379539
A3: Instagram | B3: 3336.443 | C3: 41444 | E3: Instagram | F3: 1164373
A4: Twitter | B4: 3240.5696 | C4: 33728 | E4: Twitter | F4: 1060357
A5: YouTube | B5: 3609.1695 | C5: 28572 | E5: YouTube | F5: 1228647
A6: Grand Total | B6: 3459.2233 | C6: 142925 | E6: Grand Total | F6: 4832916
A8: Row Labels | B8: Sum of Clicks | E8: Row Labels | F8: Sum of Reach
A9: #AnytimeIsPepsiTime | B9: 170 | E9: Carousel | F9: 2084819
A10: #BetterWithPepsi | B10: 298 | E10: Image | F10: 2224104
A11: #LiveForNow | B11: 169 | E11: Reel | F11: 1630594
A12: #PepsiCoRefresh | B12: 128 | E12: Story | F12: 1455419
A13: #SmoothLikeNitroPepsi | B13: 245 | E13: Text | F13: 1456821
A14: #ThirstyForMore | B14: 155 | E14: Video | F14: 1379866
A15: Grand Total | B15: 1165 | E15: Grand Total | F15: 10231623
A17: Row Labels | B17: Sum of Clicks | E17: Row Labels | F17: Sum of Total Engaagement During Campaign | G17: Sum of Total_Budget
A18: #AnytimeIsPepsiTime | B18: 170 | E18: DailyWellness | F18: 33044 | G18: 180000
A19: #BetterWithPepsi | B19: 298 | E19: FestiveRadiance | F19: 106020 | G19: 200000
A20: #LiveForNow | B20: 169 | E20: NewYearRefresh | F20: 137691 | G20: 250000
A21: #PepsiCoRefresh | B21: 128 | E21: SummerSplash | F21: 103773 | G21: 150000
A22: #SmoothLikeNitroPepsi | B22: 245 | E22: Grand Total | F22: 380528 | G22: 780000
A23: #ThirstyForMore | B23: 155
A24: Grand Total | B24: 1165 | E24: Row Labels | F24: Sum of Total Engagement
E25: Before/After | F25: 1004723
A26: Row Labels | B26: Sum of Total Engagement | E26: During | F26: 33044
A27: Facebook | B27: 305242 | E27: Grand Total | F27: 1037767
A28: Instagram | B28: 263579
A29: Twitter | B29: 256005 | E29: Row Labels | F29: Sum of Total Engagement
A30: YouTube | B30: 212941 | E30: Before/After | F30: 900076
A31: Grand Total | B31: 1037767 | E31: During | F31: 137691
E32: Grand Total | F32: 1037767
A34: Row Labels | B34: Sum of Total Engagement | C34: Row Labels | D34: Sum of Average Engagement Rate
A35: DailyWellness | B35: 240483 | C35: DailyWellness | D35: 222770.15
A36: FestiveRadiance | B36: 201739 | C36: FestiveRadiance | D36: 186337.02
A37: NewYearRefresh | B37: 232821 | C37: NewYearRefresh | D37: 216256.27
A38: SummerSplash | B38: 173901 | C38: SummerSplash | D38: 161846.7
A39: Grand Total | B39: 848944 | C39: Grand Total | D39: 787210.15
A41: Row Labels | B41: Sum of Total Engagement
A42: Before/After | B42: 933994
A43: During | B43: 103773
A44: Grand Total | B44: 1037767
A46: Row Labels | B46: Sum of Total Engagement
A47: Before/After | B47: 931747
A48: During | B48: 106020
A49: Grand Total | B49: 1037767

Sheet Posts
A1: Post ID | B1: Platform | C1: Date | D1: Content Type | E1: Post Text | F1: Likes | G1: Shares | H1: Comments | I1: Impressions | J1: Average Engagement Rate | K1: Total Engagement | L1: Reach | M1: Clicks | N1: Hashtags 1 | O1: Hashtags 2 | P1: Hashtags 3 | Q1: Unique Hashtags | R1: Count of Hashtags | S1: Campaign_Name | T1: During SummerSplash or Not | U1: During FestiveRadiance or Not | V1: During NewYearRefresh or Not | W1: During DailyWellness or Not
A2: P061 | B2: Twitter | C2: 2024-09-05 | D2: Video | E2: Check out our latest video on twitter! | F2: 4886 | G2: 983 | H2: 409 | I2: 43974 | J2: =F2+G2+H2/I2 -> 5869.0093 | K2: =F2+G2+H2 -> 6278 | L2: 43239 | M2: 65 | N2: #PepsiCoRefresh | Q2: {=_xlfn.UNIQUE(Posts!N2:N301)} -> #VALUE! | R2: =COUNTIF(N:P,"#PepsiCoRefresh") -> 107 | S2: SummerSplash | T2: =IF(AND(C2>='Campaign Metadata'!B$2,Posts!C2<='Campaign Metadata'!C$2),"During","Before/After") -> Before/After | U2: =IF(AND(C2>='Campaign Metadata'!B$3,Posts!C2<='Campaign Metadata'!C$3),"During","Before/After") -> Before/After | V2: =IF(AND(C2>='Campaign Metadata'!B$4,Posts!C2<='Campaign Metadata'!C$4),"During","Before/After") -> Before/After | W2: =IF(AND(C2>='Campaign Metadata'!B$5,Posts!C2<='Campaign Metadata'!C$5),"During","Before/After") -> Before/After
A3: P144 | B3: YouTube | C3: 2024-10-28 | D3: Story | E3: Check out our latest story on youtube! | F3: 4929 | G3: 749 | H3: 452 | I3: 93651 | J3: =F3+G3+H3/I3 -> 5678.0048 | K3: =F3+G3+H3 -> 6130 | L3: 92810 | M3: 66 | N3: #ThirstyForMore | R3: =COUNTIF(N:P,"#ThirstyForMore") -> 102 | S3: DailyWellness | T3: =IF(AND(C3>='Campaign Metadata'!B$2,Posts!C3<='Campaign Metadata'!C$2),"During","Before/After") -> Before/After | U3: =IF(AND(C3>='Campaign Metadata'!B$3,Posts!C3<='Campaign Metadata'!C$3),"During","Before/After") -> Before/After | V3: =IF(AND(C3>='Campaign Metadata'!B$4,Posts!C3<='Campaign Metadata'!C$4),"During","Before/After") -> During | W3: =IF(AND(C3>='Campaign Metadata'!B$5,Posts!C3<='Campaign Metadata'!C$5),"During","Before/After") -> Before/After
A4: P164 | B4: YouTube | C4: 2025-02-27 | D4: Text | E4: Check out our latest text on youtube! | F4: 4934 | G4: 971 | H4: 156 | I4: 39472 | J4: =F4+G4+H4/I4 -> 5905.004 | K4: =F4+G4+H4 -> 6061 | L4: 39025 | M4: 169 | N4: #PepsiCoRefresh | O4: #AnytimeIsPepsiTime | R4: =COUNTIF(N:P,"#LiveForNow") -> 103 | S4: DailyWellness | T4: =IF(AND(C4>='Campaign Metadata'!B$2,Posts!C4<='Campaign Metadata'!C$2),"During","Before/After") -> Before/After | U4: =IF(AND(C4>='Campaign Metadata'!B$3,Posts!C4<='Campaign Metadata'!C$3),"During","Before/After") -> Before/After | V4: =IF(AND(C4>='Campaign Metadata'!B$4,Posts!C4<='Campaign Metadata'!C$4),"During","Before/After") -> Before/After | W4: =IF(AND(C4>='Campaign Metadata'!B$5,Posts!C4<='Campaign Metadata'!C$5),"During","Before/After") -> Before/After
A5: P261 | B5: Instagram | C5: 2024-10-27 | D5: Image | E5: Check out our latest image on instagram! | F5: 4853 | G5: 837 | H5: 340 | I5: 72795 | J5: =F5+G5+H5/I5 -> 5690.0047 | K5: =F5+G5+H5 -> 6030 | L5: 72237 | M5: 170 | N5: #ThirstyForMore | Q5: #AnytimeIsPepsiTime | R5: =COUNTIF(N:P,"#AnytimeIsPepsiTime") -> 15 | S5: SummerSplash | T5: =IF(AND(C5>='Campaign Metadata'!B$2,Posts!C5<='Campaign Metadata'!C$2),"During","Before/After") -> Before/After | U5: =IF(AND(C5>='Campaign Metadata'!B$3,Posts!C5<='Campaign Metadata'!C$3),"During","Before/After") -> Before/After | V5: =IF(AND(C5>='Campaign Metadata'!B$4,Posts!C5<='Campaign Metadata'!C$4),"During","Before/After") -> During | W5: =IF(AND(C5>='Campaign Metadata'!B$5,Posts!C5<='Campaign Metadata'!C$5),"During","Before/After") -> Before/After
A6: P244 | B6: YouTube | C6: 2024-10-25 | D6: Video | E6: Check out our latest video on youtube! | F6: 4661 | G6: 935 | H6: 433 | I6: 23305 | J6: =F6+G6+H6/I6 -> 5596.0186 | K6: =F6+G6+H6 -> 6029 | L6: 22583 | M6: 63 | N6: #LiveForNow | Q6: #PepsiCoRefresh | R6: =COUNTIF(N:P,"#PepsiCoRefresh") -> 107 | S6: NewYearRefresh | T6: =IF(AND(C6>='Campaign Metadata'!B$2,Posts!C6<='Campaign Metadata'!C$2),"During","Before/After") -> Before/After | U6: =IF(AND(C6>='Campaign Metadata'!B$3,Posts!C6<='Campaign Metadata'!C$3),"During","Before/After") -> Before/After | V6: =IF(AND(C6>='Campaign Metadata'!B$4,Posts!C6<='Campaign Metadata'!C$4),"During","Before/After") -> During | W6: =IF(AND(C6>='Campaign Metadata'!B$5,Posts!C6<='Campaign Metadata'!C$5),"During","Before/After") -> Before/After
A7: P215 | B7: Facebook | C7: 2025-05-06 | D7: Image | E7: Check out our latest image on facebook! | F7: 4872 | G7: 925 | H7: 176 | I7: 82824 | J7: =F7+G7+H7/I7 -> 5797.0021 | K7: =F7+G7+H7 -> 5973 | L7: 82543 | M7: 89 | N7: #ThirstyForMore | Q7: #ThirstyForMore | R7: =COUNTIF(N:P,"#ThirstyForMore") -> 102 | S7: FestiveRadiance | T7: =IF(AND(C7>='Campaign Metadata'!B$2,Posts!C7<='Campaign Metadata'!C$2),"During","Before/After") -> Before/After | U7: =IF(AND(C7>='Campaign Metadata'!B$3,Posts!C7<='Campaign Metadata'!C$3),"During","Before/After") -> Before/After | V7: =IF(AND(C7>='Campaign Metadata'!B$4,Posts!C7<='Campaign Metadata'!C$4),"During","Before/After") -> Before/After | W7: =IF(AND(C7>='Campaign Metadata'!B$5,Posts!C7<='Campaign Metadata'!C$5),"During","Before/After") -> Before/After
A8: P106 | B8: Instagram | C8: 2025-02-04 | D8: Image | E8: Check out our latest image on instagram! | F8: 4619 | G8: 821 | H8: 499 | I8: 69285 | J8: =F8+G8+H8/I8 -> 5440.0072 | K8: =F8+G8+H8 -> 5939 | L8: 69141 | M8: 298 | N8: #PepsiCoRefresh | Q8: #BetterWithPepsi | R8: =COUNTIF(N:P,"#BetterWithPepsi") -> 7 | S8: DailyWellness | T8: =IF(AND(C8>='Campaign Metadata'!B$2,Posts!C8<='Campaign Metadata'!C$2),"During","Before/After") -> Before/After | U8: =IF(AND(C8>='Campaign Metadata'!B$3,Posts!C8<='Campaign Metadata'!C$3),"During","Before/After") -> Before/After | V8: =IF(AND(C8>='Campaign Metadata'!B$4,Posts!C8<='Campaign Metadata'!C$4),"During","Before/After") -> Before/After | W8: =IF(AND(C8>='Campaign Metadata'!B$5,Posts!C8<='Campaign Metadata'!C$5),"During","Before/After") -> Before/After
A9: P161 | B9: Twitter | C9: 2025-02-19 | D9: Text | E9: Check out our latest text on twitter! | F9: 4671 | G9: 876 | H9: 366 | I9: 51381 | J9: =F9+G9+H9/I9 -> 5547.0071 | K9: =F9+G9+H9 -> 5913 | L9: 50565 | M9: 245 | N9: #PepsiCoRefresh | Q9: #SmoothLikeNitroPepsi | R9: =COUNTIF(N:P,"#SmoothLikeNitroPepsi") -> 5 | S9: DailyWellness | T9: =IF(AND(C9>='Campaign Metadata'!B$2,Posts!C9<='Campaign Metadata'!C$2),"During","Before/After") -> Before/After | U9: =IF(AND(C9>='Campaign Metadata'!B$3,Posts!C9<='Campaign Metadata'!C$3),"During","Before/After") -> Before/After | V9: =IF(AND(C9>='Campaign Metadata'!B$4,Posts!C9<='Campaign Metadata'!C$4),"During","Before/After") -> Before/After | W9: =IF(AND(C9>='Campaign Metadata'!B$5,Posts!C9<='Campaign Metadata'!C$5),"During","Before/After") -> Before/After
A10: P228 | B10: Instagram | C10: 2024-07-01 | D10: Story | E10: Check out our latest story on instagram! | F10: 4808 | G10: 772 | H10: 320 | I10: 72120 | J10: =F10+G10+H10/I10 -> 5580.0044 | K10: =F10+G10+H10 -> 5900 | L10: 71696 | M10: 195 | N10: #ThirstyForMore | S10: SummerSplash | T10: =IF(AND(C10>='Campaign Metadata'!B$2,Posts!C10<='Campaign Metadata'!C$2),"During","Before/After") -> During | U10: =IF(AND(C10>='Campaign Metadata'!B$3,Posts!C10<='Campaign Metadata'!C$3),"During","Before/After") -> Before/After | V10: =IF(AND(C10>='Campaign Metadata'!B$4,Posts!C10<='Campaign Metadata'!C$4),"During","Before/After") -> Before/After | W10: =IF(AND(C10>='Campaign Metadata'!B$5,Posts!C10<='Campaign Metadata'!C$5),"During","Before/After") -> Before/After
A11: P279 | B11: YouTube | C11: 2024-09-02 | D11: Image | E11: Check out our latest image on youtube! | F11: 4905 | G11: 845 | H11: 129 | I11: 98100 | J11: =F11+G11+H11/I11 -> 5750.0013 | K11: =F11+G11+H11 -> 5879 | L11: 97772 | M11: 279 | N11: #PepsiCoRefresh | S11: FestiveRadiance | T11: =IF(AND(C11>='Campaign Metadata'!B$2,Posts!C11<='Campaign Metadata'!C$2),"During","Before/After") -> Before/After | U11: =IF(AND(C11>='Campaign Metadata'!B$3,Posts!C11<='Campaign Metadata'!C$3),"During","Before/After") -> Before/After | V11: =IF(AND(C11>='Campaign Metadata'!B$4,Posts!C11<='Campaign Metadata'!C$4),"During","Before/After") -> Before/After | W11: =IF(AND(C11>='Campaign Metadata'!B$5,Posts!C11<='Campaign Metadata'!C$5),"During","Before/After") -> Before/After
A12: P288 | B12: YouTube | C12: 2025-04-17 | D12: Carousel | E12: Check out our latest carousel on youtube! | F12: 4780 | G12: 691 | H12: 380 | I12: 86040 | J12: =F12+G12+H12/I12 -> 5471.0044 | K12: =F12+G12+H12 -> 5851 | L12: 85743 | M12: 262 | N12: #LiveForNow | S12: NewYearRefresh | T12: =IF(AND(C12>='Campaign Metadata'!B$2,Posts!C12<='Campaign Metadata'!C$2),"During","Before/After") -> Before/After | U12: =IF(AND(C12>='Campaign Metadata'!B$3,Posts!C12<='Campaign Metadata'!C$3),"During","Before/After") -> Before/After | V12: =IF(AND(C12>='Campaign Metadata'!B$4,Posts!C12<='Campaign Metadata'!C$4),"During","Before/After") -> Before/After | W12: =IF(AND(C12>='Campaign Metadata'!B$5,Posts!C12<='Campaign Metadata'!C$5),"During","Before/After") -> Before/After
A13: P229 | B13: Instagram | C13: 2024-07-03 | D13: Carousel | E13: Check out our latest carousel on instagram! | F13: 4799 | G13: 694 | H13: 289 | I13: 43191 | J13: =F13+G13+H13/I13 -> 5493.0067 | K13: =F13+G13+H13 -> 5782 | L13: 42228 | M13: 118 | N13: #PepsiCoRefresh | T13: =IF(AND(C13>='Campaign Metadata'!B$2,Posts!C13<='Campaign Metadata'!C$2),"During","Before/After") -> During | U13: =IF(AND(C13>='Campaign Metadata'!B$3,Posts!C13<='Campaign Metadata'!C$3),"During","Before/After") -> Before/After | V13: =IF(AND(C13>='Campaign Metadata'!B$4,Posts!C13<='Campaign Metadata'!C$4),"During","Before/After") -> Before/After | W13: =IF(AND(C13>='Campaign Metadata'!B$5,Posts!C13<='Campaign Metadata'!C$5),"During","Before/After") -> Before/After
A14: P217 | B14: Facebook | C14: 2024-12-03 | D14: Image | E14: Check out our latest image on facebook! | F14: 4606 | G14: 931 | H14: 230 | I14: 92120 | J14: =F14+G14+H14/I14 -> 5537.0025 | K14: =F14+G14+H14 -> 5767 | L14: 91440 | M14: 56 | N14: #PepsiCoRefresh | T14: =IF(AND(C14>='Campaign Metadata'!B$2,Posts!C14<='Campaign Metadata'!C$2),"During","Before/After") -> Before/After | U14: =IF(AND(C14>='Campaign Metadata'!B$3,Posts!C14<='Campaign Metadata'!C$3),"During","Before/After") -> Before/After | V14: =IF(AND(C14>='Campaign Metadata'!B$4,Posts!C14<='Campaign Metadata'!C$4),"During","Before/After") -> Before/After | W14: =IF(AND(C14>='Campaign Metadata'!B$5,Posts!C14<='Campaign Metadata'!C$5),"During","Before/After") -> Before/After
A15: P107 | B15: YouTube | C15: 2024-06-21 | D15: Image | E15: Check out our latest image on youtube! | F15: 4832 | G15: 893 | H15: 10 | I15: 91808 | J15: =F15+G15+H15/I15 -> 5725.0001 | K15: =F15+G15+H15 -> 5735 | L15: 91296 | M15: 182 | N15: #PepsiCoRefresh | T15: =IF(AND(C15>='Campaign Metadata'!B$2,Posts!C15<='Campaign Metadata'!C$2),"During","Before/After") -> During | U15: =IF(AND(C15>='Campaign Metadata'!B$3,Posts!C15<='Campaign Metadata'!C$3),"During","Before/After") -> Before/After | V15: =IF(AND(C15>='Campaign Metadata'!B$4,Posts!C15<='Campaign Metadata'!C$4),"During","Before/After") -> Before/After | W15: =IF(AND(C15>='Campaign Metadata'!B$5,Posts!C15<='Campaign Metadata'!C$5),"During","Before/After") -> Before/After
A16: P131 | B16: Instagram | C16: 2024-10-21 | D16: Reel | E16: Check out our latest reel on instagram! | F16: 4840 | G16: 658 | H16: 211 | I16: 43560 | J16: =F16+G16+H16/I16 -> 5498.0048 | K16: =F16+G16+H16 -> 5709 | L16: 43225 | M16: 57 | N16: #LiveForNow | S16: NewYearRefresh | T16: =IF(AND(C16>='Campaign Metadata'!B$2,Posts!C16<='Campaign Metadata'!C$2),"During","Before/After") -> Before/After | U16: =IF(AND(C16>='Campaign Metadata'!B$3,Posts!C16<='Campaign Metadata'!C$3),"During","Before/After") -> Before/After | V16: =IF(AND(C16>='Campaign Metadata'!B$4,Posts!C16<='Campaign Metadata'!C$4),"During","Before/After") -> During | W16: =IF(AND(C16>='Campaign Metadata'!B$5,Posts!C16<='Campaign Metadata'!C$5),"During","Before/After") -> Before/After
A17: P167 | B17: Instagram | C17: 2024-11-28 | D17: Text | E17: Check out our latest text on instagram! | F17: 4771 | G17: 818 | H17: 56 | I17: 57252 | J17: =F17+G17+H17/I17 -> 5589.001 | K17: =F17+G17+H17 -> 5645 | L17: 56378 | M17: 150 | N17: #LiveForNow | T17: =IF(AND(C17>='Campaign Metadata'!B$2,Posts!C17<='Campaign Metadata'!C$2),"During","Before/After") -> Before/After | U17: =IF(AND(C17>='Campaign Metadata'!B$3,Posts!C17<='Campaign Metadata'!C$3),"During","Before/After") -> Before/After | V17: =IF(AND(C17>='Campaign Metadata'!B$4,Posts!C17<='Campaign Metadata'!C$4),"During","Before/After") -> Before/After | W17: =IF(AND(C17>='Campaign Metadata'!B$5,Posts!C17<='Campaign Metadata'!C$5),"During","Before/After") -> Before/After
A18: P152 | B18: Facebook | C18: 2025-04-22 | D18: Image | E18: Check out our latest image on facebook! | F18: 4804 | G18: 550 | H18: 270 | I18: 28824 | J18: =F18+G18+H18/I18 -> 5354.0094 | K18: =F18+G18+H18 -> 5624 | L18: 28370 | M18: 47 | N18: #ThirstyForMore | S18: DailyWellness | T18: =IF(AND(C18>='Campaign Metadata'!B$2,Posts!C18<='Campaign Metadata'!C$2),"During","Before/After") -> Before/After | U18: =IF(AND(C18>='Campaign Metadata'!B$3,Posts!C18<='Campaign Metadata'!C$3),"During","Before/After") -> Before/After | V18: =IF(AND(C18>='Campaign Metadata'!B$4,Posts!C18<='Campaign Metadata'!C$4),"During","Before/After") -> Before/After | W18: =IF(AND(C18>='Campaign Metadata'!B$5,Posts!C18<='Campaign Metadata'!C$5),"During","Before/After") -> Before/After
A19: P272 | B19: Instagram | C19: 2025-03-27 | D19: Text | E19: Check out our latest text on instagram! | F19: 4941 | G19: 414 | H19: 266 | I19: 39528 | J19: =F19+G19+H19/I19 -> 5355.0067 | K19: =F19+G19+H19 -> 5621 | L19: 39154 | M19: 217 | N19: #PepsiCoRefresh | S19: NewYearRefresh | T19: =IF(AND(C19>='Campaign Metadata'!B$2,Posts!C19<='Campaign Metadata'!C$2),"During","Before/After") -> Before/After | U19: =IF(AND(C19>='Campaign Metadata'!B$3,Posts!C19<='Campaign Metadata'!C$3),"During","Before/After") -> During | V19: =IF(AND(C19>='Campaign Metadata'!B$4,Posts!C19<='Campaign Metadata'!C$4),"During","Before/After") -> Before/After | W19: =IF(AND(C19>='Campaign Metadata'!B$5,Posts!C19<='Campaign Metadata'!C$5),"During","Before/After") -> Before/After
A20: P021 | B20: Instagram | C20: 2025-01-04 | D20: Reel | E20: Check out our latest reel on instagram! | F20: 4838 | G20: 640 | H20: 128 | I20: 72570 | J20: =F20+G20+H20/I20 -> 5478.0018 | K20: =F20+G20+H20 -> 5606 | L20: 72396 | M20: 83 | N20: #LiveForNow | S20: DailyWellness | T20: =IF(AND(C20>='Campaign Metadata'!B$2,Posts!C20<='Campaign Metadata'!C$2),"During","Before/After") -> Before/After | U20: =IF(AND(C20>='Campaign Metadata'!B$3,Posts!C20<='Campaign Metadata'!C$3),"During","Before/After") -> Before/After | V20: =IF(AND(C20>='Campaign Metadata'!B$4,Posts!C20<='Campaign Metadata'!C$4),"During","Before/After") -> Before/After | W20: =IF(AND(C20>='Campaign Metadata'!B$5,Posts!C20<='Campaign Metadata'!C$5),"During","Before/After") -> During
A21: P197 | B21: Twitter | C21: 2024-10-22 | D21: Reel | E21: Check out our latest reel on twitter! | F21: 4782 | G21: 721 | H21: 82 | I21: 86076 | J21: =F21+G21+H21/I21 -> 5503.001 | K21: =F21+G21+H21 -> 5585 | L21: 85339 | M21: 19 | N21: #ThirstyForMore | S21: SummerSplash | T21: =IF(AND(C21>='Campaign Metadata'!B$2,Posts!C21<='Campaign Metadata'!C$2),"During","Before/After") -> Before/After | U21: =IF(AND(C21>='Campaign Metadata'!B$3,Posts!C21<='Campaign Metadata'!C$3),"During","Before/After") -> Before/After | V21: =IF(AND(C21>='Campaign Metadata'!B$4,Posts!C21<='Campaign Metadata'!C$4),"During","Before/After") -> During | W21: =IF(AND(C21>='Campaign Metadata'!B$5,Posts!C21<='Campaign Metadata'!C$5),"During","Before/After") -> Before/After
A22: P101 | B22: YouTube | C22: 2024-10-18 | D22: Video | E22: Check out our latest video on youtube! | F22: 4450 | G22: 983 | H22: 143 | I22: 75650 | J22: =F22+G22+H22/I22 -> 5433.0019 | K22: =F22+G22+H22 -> 5576 | L22: 75008 | M22: 12 | N22: #LiveForNow | S22: NewYearRefresh | T22: =IF(AND(C22>='Campaign Metadata'!B$2,Posts!C22<='Campaign Metadata'!C$2),"During","Before/After") -> Before/After | U22: =IF(AND(C22>='Campaign Metadata'!B$3,Posts!C22<='Campaign Metadata'!C$3),"During","Before/After") -> Before/After | V22: =IF(AND(C22>='Campaign Metadata'!B$4,Posts!C22<='Campaign Metadata'!C$4),"During","Before/After") -> During | W22: =IF(AND(C22>='Campaign Metadata'!B$5,Posts!C22<='Campaign Metadata'!C$5),"During","Before/After") -> Before/After
A23: P191 | B23: YouTube | C23: 2024-12-03 | D23: Story | E23: Check out our latest story on youtube! | F23: 4285 | G23: 886 | H23: 376 | I23: 55705 | J23: =F23+G23+H23/I23 -> 5171.0067 | K23: =F23+G23+H23 -> 5547 | L23: 55556 | M23: 51 | N23: #LiveForNow | S23: NewYearRefresh | T23: =IF(AND(C23>='Campaign Metadata'!B$2,Posts!C23<='Campaign Metadata'!C$2),"During","Before/After") -> Before/After | U23: =IF(AND(C23>='Campaign Metadata'!B$3,Posts!C23<='Campaign Metadata'!C$3),"During","Before/After") -> Before/After | V23: =IF(AND(C23>='Campaign Metadata'!B$4,Posts!C23<='Campaign Metadata'!C$4),"During","Before/After") -> Before/After | W23: =IF(AND(C23>='Campaign Metadata'!B$5,Posts!C23<='Campaign Metadata'!C$5),"During","Before/After") -> Before/After
A24: P278 | B24: Twitter | C24: 2024-11-26 | D24: Text | E24: Check out our latest text on twitter! | F24: 4516 | G24: 836 | H24: 169 | I24: 49676 | J24: =F24+G24+H24/I24 -> 5352.0034 | K24: =F24+G24+H24 -> 5521 | L24: 49257 | M24: 282 | N24: #ThirstyForMore | S24: DailyWellness | T24: =IF(AND(C24>='Campaign Metadata'!B$2,Posts!C24<='Campaign Metadata'!C$2),"During","Before/After") -> Before/After | U24: =IF(AND(C24>='Campaign Metadata'!B$3,Posts!C24<='Campaign Metadata'!C$3),"During","Before/After") -> Before/After | V24: =IF(AND(C24>='Campaign Metadata'!B$4,Posts!C24<='Campaign Metadata'!C$4),"During","Before/After") -> Before/After | W24: =IF(AND(C24>='Campaign Metadata'!B$5,Posts!C24<='Campaign Metadata'!C$5),"During","Before/After") -> Before/After
A25: P238 | B25: Twitter | C25: 2024-07-16 | D25: Text | E25: Check out our latest text on twitter! | F25: 4725 | G25: 400 | H25: 362 | I25: 75600 | J25: =F25+G25+H25/I25 -> 5125.0048 | K25: =F25+G25+H25 -> 5487 | L25: 74927 | M25: 43 | N25: #LiveForNow | S25: DailyWellness | T25: =IF(AND(C25>='Campaign Metadata'!B$2,Posts!C25<='Campaign Metadata'!C$2),"During","Before/After") -> Before/After | U25: =IF(AND(C25>='Campaign Metadata'!B$3,Posts!C25<='Campaign Metadata'!C$3),"During","Before/After") -> Before/After | V25: =IF(AND(C25>='Campaign Metadata'!B$4,Posts!C25<='Campaign Metadata'!C$4),"During","Before/After") -> Before/After | W25: =IF(AND(C25>='Campaign Metadata'!B$5,Posts!C25<='Campaign Metadata'!C$5),"During","Before/After") -> Before/After
A26: P150 | B26: YouTube | C26: 2024-08-22 | D26: Carousel | E26: Check out our latest carousel on youtube! | F26: 4295 | G26: 853 | H26: 325 | I26: 85900 | J26: =F26+G26+H26/I26 -> 5148.0038 | K26: =F26+G26+H26 -> 5473 | L26: 85788 | M26: 290 | N26: #PepsiCoRefresh | S26: DailyWellness | T26: =IF(AND(C26>='Campaign Metadata'!B$2,Posts!C26<='Campaign Metadata'!C$2),"During","Before/After") -> Before/After | U26: =IF(AND(C26>='Campaign Metadata'!B$3,Posts!C26<='Campaign Metadata'!C$3),"During","Before/After") -> Before/After | V26: =IF(AND(C26>='Campaign Metadata'!B$4,Posts!C26<='Campaign Metadata'!C$4),"During","Before/After") -> Before/After | W26: =IF(AND(C26>='Campaign Metadata'!B$5,Posts!C26<='Campaign Metadata'!C$5),"During","Before/After") -> Before/After
A27: P118 | B27: Facebook | C27: 2024-11-04 | D27: Image | E27: Check out our latest image on facebook! | F27: 4551 | G27: 714 | H27: 207 | I27: 68265 | J27: =F27+G27+H27/I27 -> 5265.003 | K27: =F27+G27+H27 -> 5472 | L27: 67754 | M27: 57 | N27: #LiveForNow | S27: NewYearRefresh | T27: =IF(AND(C27>='Campaign Metadata'!B$2,Posts!C27<='Campaign Metadata'!C$2),"During","Before/After") -> Before/After | U27: =IF(AND(C27>='Campaign Metadata'!B$3,Posts!C27<='Campaign Metadata'!C$3),"During","Before/After") -> Before/After | V27: =IF(AND(C27>='Campaign Metadata'!B$4,Posts!C27<='Campaign Metadata'!C$4),"During","Before/After") -> Before/After | W27: =IF(AND(C27>='Campaign Metadata'!B$5,Posts!C27<='Campaign Metadata'!C$5),"During","Before/After") -> Before/After
A28: P067 | B28: Facebook | C28: 2025-03-29 | D28: Carousel | E28: Check out our latest carousel on facebook! | F28: 4712 | G28: 568 | H28: 127 | I28: 84816 | J28: =F28+G28+H28/I28 -> 5280.0015 | K28: =F28+G28+H28 -> 5407 | L28: 84691 | M28: 100 | N28: #ThirstyForMore | S28: NewYearRefresh | T28: =IF(AND(C28>='Campaign Metadata'!B$2,Posts!C28<='Campaign Metadata'!C$2),"During","Before/After") -> Before/After | U28: =IF(AND(C28>='Campaign Metadata'!B$3,Posts!C28<='Campaign Metadata'!C$3),"During","Before/After") -> During | V28: =IF(AND(C28>='Campaign Metadata'!B$4,Posts!C28<='Campaign Metadata'!C$4),"During","Before/After") -> Before/After | W28: =IF(AND(C28>='Campaign Metadata'!B$5,Posts!C28<='Campaign Metadata'!C$5),"During","Before/After") -> Before/After
A29: P097 | B29: Instagram | C29: 2024-08-13 | D29: Image | E29: Check out our latest image on instagram! | F29: 4739 | G29: 527 | H29: 135 | I29: 61607 | J29: =F29+G29+H29/I29 -> 5266.0022 | K29: =F29+G29+H29 -> 5401 | L29: 61333 | M29: 36 | N29: #PepsiCoRefresh | O29: #AnytimeIsPepsiTime | S29: FestiveRadiance | T29: =IF(AND(C29>='Campaign Metadata'!B$2,Posts!C29<='Campaign Metadata'!C$2),"During","Before/After") -> Before/After | U29: =IF(AND(C29>='Campaign Metadata'!B$3,Posts!C29<='Campaign Metadata'!C$3),"During","Before/After") -> Before/After | V29: =IF(AND(C29>='Campaign Metadata'!B$4,Posts!C29<='Campaign Metadata'!C$4),"During","Before/After") -> Before/After | W29: =IF(AND(C29>='Campaign Metadata'!B$5,Posts!C29<='Campaign Metadata'!C$5),"During","Before/After") -> Before/After
A30: P241 | B30: Facebook | C30: 2025-01-18 | D30: Story | E30: Check out our latest story on facebook! | F30: 4321 | G30: 874 | H30: 172 | I30: 30247 | J30: =F30+G30+H30/I30 -> 5195.0057 | K30: =F30+G30+H30 -> 5367 | L30: 29254 | M30: 122 | N30: #PepsiCoRefresh | S30: DailyWellness | T30: =IF(AND(C30>='Campaign Metadata'!B$2,Posts!C30<='Campaign Metadata'!C$2),"During","Before/After") -> Before/After | U30: =IF(AND(C30>='Campaign Metadata'!B$3,Posts!C30<='Campaign Metadata'!C$3),"During","Before/After") -> Before/After | V30: =IF(AND(C30>='Campaign Metadata'!B$4,Posts!C30<='Campaign Metadata'!C$4),"During","Before/After") -> Before/After | W30: =IF(AND(C30>='Campaign Metadata'!B$5,Posts!C30<='Campaign Metadata'!C$5),"During","Before/After") -> Before/After
A31: P280 | B31: YouTube | C31: 2024-10-21 | D31: Video | E31: Check out our latest video on youtube! | F31: 4275 | G31: 680 | H31: 385 | I31: 64125 | J31: =F31+G31+H31/I31 -> 4955.006 | K31: =F31+G31+H31 -> 5340 | L31: 63650 | M31: 104 | N31: #ThirstyForMore | O31: #PepsiCoRefresh | P31: #AnytimeIsPepsiTime | S31: DailyWellness | T31: =IF(AND(C31>='Campaign Metadata'!B$2,Posts!C31<='Campaign Metadata'!C$2),"During","Before/After") -> Before/After | U31: =IF(AND(C31>='Campaign Metadata'!B$3,Posts!C31<='Campaign Metadata'!C$3),"During","Before/After") -> Before/After | V31: =IF(AND(C31>='Campaign Metadata'!B$4,Posts!C31<='Campaign Metadata'!C$4),"During","Before/After") -> During | W31: =IF(AND(C31>='Campaign Metadata'!B$5,Posts!C31<='Campaign Metadata'!C$5),"During","Before/After") -> Before/After
A32: P260 | B32: Instagram | C32: 2025-02-12 | D32: Story | E32: Check out our latest story on instagram! | F32: 4332 | G32: 771 | H32: 219 | I32: 60648 | J32: =F32+G32+H32/I32 -> 5103.0036 | K32: =F32+G32+H32 -> 5322 | L32: 60397 | M32: 10 | N32: #PepsiCoRefresh | O32: #ThirstyForMore | P32: #BetterWithPepsi | S32: NewYearRefresh | T32: =IF(AND(C32>='Campaign Metadata'!B$2,Posts!C32<='Campaign Metadata'!C$2),"During","Before/After") -> Before/After | U32: =IF(AND(C32>='Campaign Metadata'!B$3,Posts!C32<='Campaign Metadata'!C$3),"During","Before/After") -> Before/After | V32: =IF(AND(C32>='Campaign Metadata'!B$4,Posts!C32<='Campaign Metadata'!C$4),"During","Before/After") -> Before/After | W32: =IF(AND(C32>='Campaign Metadata'!B$5,Posts!C32<='Campaign Metadata'!C$5),"During","Before/After") -> Before/After
A33: P040 | B33: Twitter | C33: 2025-03-07 | D33: Image | E33: Check out our latest image on twitter! | F33: 4750 | G33: 151 | H33: 415 | I33: 38000 | J33: =F33+G33+H33/I33 -> 4901.0109 | K33: =F33+G33+H33 -> 5316 | L33: 37792 | M33: 299 | N33: #ThirstyForMore | S33: DailyWellness | T33: =IF(AND(C33>='Campaign Metadata'!B$2,Posts!C33<='Campaign Metadata'!C$2),"During","Before/After") -> Before/After | U33: =IF(AND(C33>='Campaign Metadata'!B$3,Posts!C33<='Campaign Metadata'!C$3),"During","Before/After") -> During | V33: =IF(AND(C33>='Campaign Metadata'!B$4,Posts!C33<='Campaign Metadata'!C$4),"During","Before/After") -> Before/After | W33: =IF(AND(C33>='Campaign Metadata'!B$5,Posts!C33<='Campaign Metadata'!C$5),"During","Before/After") -> Before/After
A34: P193 | B34: Twitter | C34: 2024-09-11 | D34: Image | E34: Check out our latest image on twitter! | F34: 4858 | G34: 317 | H34: 129 | I34: 53438 | J34: =F34+G34+H34/I34 -> 5175.0024 | K34: =F34+G34+H34 -> 5304 | L34: 52687 | M34: 223 | N34: #ThirstyForMore | S34: NewYearRefresh | T34: =IF(AND(C34>='Campaign Metadata'!B$2,Posts!C34<='Campaign Metadata'!C$2),"During","Before/After") -> Before/After | U34: =IF(AND(C34>='Campaign Metadata'!B$3,Posts!C34<='Campaign Metadata'!C$3),"During","Before/After") -> Before/After | V34: =IF(AND(C34>='Campaign Metadata'!B$4,Posts!C34<='Campaign Metadata'!C$4),"During","Before/After") -> Before/After | W34: =IF(AND(C34>='Campaign Metadata'!B$5,Posts!C34<='Campaign Metadata'!C$5),"During","Before/After") -> Before/After
A35: P242 | B35: Facebook | C35: 2024-07-07 | D35: Reel | E35: Check out our latest reel on facebook! | F35: 4767 | G35: 190 | H35: 340 | I35: 28602 | J35: =F35+G35+H35/I35 -> 4957.0119 | K35: =F35+G35+H35 -> 5297 | L35: 28044 | M35: 210 | N35: #ThirstyForMore | S35: NewYearRefresh | T35: =IF(AND(C35>='Campaign Metadata'!B$2,Posts!C35<='Campaign Metadata'!C$2),"During","Before/After") -> During | U35: =IF(AND(C35>='Campaign Metadata'!B$3,Posts!C35<='Campaign Metadata'!C$3),"During","Before/After") -> Before/After | V35: =IF(AND(C35>='Campaign Metadata'!B$4,Posts!C35<='Campaign Metadata'!C$4),"During","Before/After") -> Before/After | W35: =IF(AND(C35>='Campaign Metadata'!B$5,Posts!C35<='Campaign Metadata'!C$5),"During","Before/After") -> Before/After
A36: P108 | B36: Twitter | C36: 2025-03-25 | D36: Video | E36: Check out our latest video on twitter! | F36: 4050 | G36: 871 | H36: 347 | I36: 52650 | J36: =F36+G36+H36/I36 -> 4921.0066 | K36: =F36+G36+H36 -> 5268 | L36: 51755 | M36: 209 | N36: #PepsiCoRefresh | S36: FestiveRadiance | T36: =IF(AND(C36>='Campaign Metadata'!B$2,Posts!C36<='Campaign Metadata'!C$2),"During","Before/After") -> Before/After | U36: =IF(AND(C36>='Campaign Metadata'!B$3,Posts!C36<='Campaign Metadata'!C$3),"During","Before/After") -> During | V36: =IF(AND(C36>='Campaign Metadata'!B$4,Posts!C36<='Campaign Metadata'!C$4),"During","Before/After") -> Before/After | W36: =IF(AND(C36>='Campaign Metadata'!B$5,Posts!C36<='Campaign Metadata'!C$5),"During","Before/After") -> Before/After
A37: P300 | B37: Twitter | C37: 2024-08-31 | D37: Carousel | E37: Check out our latest carousel on twitter! | F37: 4494 | G37: 717 | H37: 45 | I37: 62916 | J37: =F37+G37+H37/I37 -> 5211.0007 | K37: =F37+G37+H37 -> 5256 | L37: 62688 | M37: 191 | N37: #PepsiCoRefresh | O37: #ThirstyForMore | P37: #BetterWithPepsi | S37: SummerSplash | T37: =IF(AND(C37>='Campaign Metadata'!B$2,Posts!C37<='Campaign Metadata'!C$2),"During","Before/After") -> Before/After | U37: =IF(AND(C37>='Campaign Metadata'!B$3,Posts!C37<='Campaign Metadata'!C$3),"During","Before/After") -> Before/After | V37: =IF(AND(C37>='Campaign Metadata'!B$4,Posts!C37<='Campaign Metadata'!C$4),"During","Before/After") -> Before/After | W37: =IF(AND(C37>='Campaign Metadata'!B$5,Posts!C37<='Campaign Metadata'!C$5),"During","Before/After") -> Before/After
A38: P239 | B38: YouTube | C38: 2025-02-24 | D38: Text | E38: Check out our latest text on youtube! | F38: 4188 | G38: 942 | H38: 118 | I38: 20940 | J38: =F38+G38+H38/I38 -> 5130.0056 | K38: =F38+G38+H38 -> 5248 | L38: 20471 | M38: 102 | N38: #LiveForNow | T38: =IF(AND(C38>='Campaign Metadata'!B$2,Posts!C38<='Campaign Metadata'!C$2),"During","Before/After") -> Before/After | U38: =IF(AND(C38>='Campaign Metadata'!B$3,Posts!C38<='Campaign Metadata'!C$3),"During","Before/After") -> Before/After | V38: =IF(AND(C38>='Campaign Metadata'!B$4,Posts!C38<='Campaign Metadata'!C$4),"During","Before/After") -> Before/After | W38: =IF(AND(C38>='Campaign Metadata'!B$5,Posts!C38<='Campaign Metadata'!C$5),"During","Before/After") -> Before/After
A39: P277 | B39: Facebook | C39: 2025-04-06 | D39: Image | E39: Check out our latest image on facebook! | F39: 4236 | G39: 711 | H39: 298 | I39: 21180 | J39: =F39+G39+H39/I39 -> 4947.0141 | K39: =F39+G39+H39 -> 5245 | L39: 20516 | M39: 238 | N39: #LiveForNow | S39: SummerSplash | T39: =IF(AND(C39>='Campaign Metadata'!B$2,Posts!C39<='Campaign Metadata'!C$2),"During","Before/After") -> Before/After | U39: =IF(AND(C39>='Campaign Metadata'!B$3,Posts!C39<='Campaign Metadata'!C$3),"During","Before/After") -> Before/After | V39: =IF(AND(C39>='Campaign Metadata'!B$4,Posts!C39<='Campaign Metadata'!C$4),"During","Before/After") -> Before/After | W39: =IF(AND(C39>='Campaign Metadata'!B$5,Posts!C39<='Campaign Metadata'!C$5),"During","Before/After") -> Before/After
A40: P182 | B40: Facebook | C40: 2024-07-31 | D40: Image | E40: Check out our latest image on facebook! | F40: 4689 | G40: 134 | H40: 403 | I40: 51579 | J40: =F40+G40+H40/I40 -> 4823.0078 | K40: =F40+G40+H40 -> 5226 | L40: 50924 | M40: 173 | N40: #PepsiCoRefresh | S40: DailyWellness | T40: =IF(AND(C40>='Campaign Metadata'!B$2,Posts!C40<='Campaign Metadata'!C$2),"During","Before/After") -> Before/After | U40: =IF(AND(C40>='Campaign Metadata'!B$3,Posts!C40<='Campaign Metadata'!C$3),"During","Before/After") -> Before/After | V40: =IF(AND(C40>='Campaign Metadata'!B$4,Posts!C40<='Campaign Metadata'!C$4),"During","Before/After") -> Before/After | W40: =IF(AND(C40>='Campaign Metadata'!B$5,Posts!C40<='Campaign Metadata'!C$5),"During","Before/After") -> Before/After
A41: P163 | B41: Instagram | C41: 2025-04-08 | D41: Image | E41: Check out our latest image on instagram! | F41: 4501 | G41: 375 | H41: 323 | I41: 22505 | J41: =F41+G41+H41/I41 -> 4876.0144 | K41: =F41+G41+H41 -> 5199 | L41: 21836 | M41: 132 | N41: #PepsiCoRefresh | S41: FestiveRadiance | T41: =IF(AND(C41>='Campaign Metadata'!B$2,Posts!C41<='Campaign Metadata'!C$2),"During","Before/After") -> Before/After | U41: =IF(AND(C41>='Campaign Metadata'!B$3,Posts!C41<='Campaign Metadata'!C$3),"During","Before/After") -> Before/After | V41: =IF(AND(C41>='Campaign Metadata'!B$4,Posts!C41<='Campaign Metadata'!C$4),"During","Before/After") -> Before/After | W41: =IF(AND(C41>='Campaign Metadata'!B$5,Posts!C41<='Campaign Metadata'!C$5),"During","Before/After") -> Before/After
A42: P010 | B42: Facebook | C42: 2025-03-11 | D42: Image | E42: Check out our latest image on facebook! | F42: 4241 | G42: 902 | H42: 47 | I42: 72097 | J42: =F42+G42+H42/I42 -> 5143.0007 | K42: =F42+G42+H42 -> 5190 | L42: 71598 | M42: 167 | N42: #PepsiCoRefresh | S42: FestiveRadiance | T42: =IF(AND(C42>='Campaign Metadata'!B$2,Posts!C42<='Campaign Metadata'!C$2),"During","Before/After") -> Before/After | U42: =IF(AND(C42>='Campaign Metadata'!B$3,Posts!C42<='Campaign Metadata'!C$3),"During","Before/After") -> During | V42: =IF(AND(C42>='Campaign Metadata'!B$4,Posts!C42<='Campaign Metadata'!C$4),"During","Before/After") -> Before/After | W42: =IF(AND(C42>='Campaign Metadata'!B$5,Posts!C42<='Campaign Metadata'!C$5),"During","Before/After") -> Before/After
A43: P036 | B43: Instagram | C43: 2025-04-19 | D43: Story | E43: Check out our latest story on instagram! | F43: 4518 | G43: 285 | H43: 383 | I43: 67770 | J43: =F43+G43+H43/I43 -> 4803.0057 | K43: =F43+G43+H43 -> 5186 | L43: 67621 | M43: 31 | N43: #ThirstyForMore | S43: FestiveRadiance | T43: =IF(AND(C43>='Campaign Metadata'!B$2,Posts!C43<='Campaign Metadata'!C$2),"During","Before/After") -> Before/After | U43: =IF(AND(C43>='Campaign Metadata'!B$3,Posts!C43<='Campaign Metadata'!C$3),"During","Before/After") -> Before/After | V43: =IF(AND(C43>='Campaign Metadata'!B$4,Posts!C43<='Campaign Metadata'!C$4),"During","Before/After") -> Before/After | W43: =IF(AND(C43>='Campaign Metadata'!B$5,Posts!C43<='Campaign Metadata'!C$5),"During","Before/After") -> Before/After
A44: P294 | B44: Facebook | C44: 2024-06-19 | D44: Carousel | E44: Check out our latest carousel on facebook! | F44: 4731 | G44: 173 | H44: 276 | I44: 28386 | J44: =F44+G44+H44/I44 -> 4904.0097 | K44: =F44+G44+H44 -> 5180 | L44: 28185 | M44: 89 | N44: #ThirstyForMore | S44: NewYearRefresh | T44: =IF(AND(C44>='Campaign Metadata'!B$2,Posts!C44<='Campaign Metadata'!C$2),"During","Before/After") -> During | U44: =IF(AND(C44>='Campaign Metadata'!B$3,Posts!C44<='Campaign Metadata'!C$3),"During","Before/After") -> Before/After | V44: =IF(AND(C44>='Campaign Metadata'!B$4,Posts!C44<='Campaign Metadata'!C$4),"During","Before/After") -> Before/After | W44: =IF(AND(C44>='Campaign Metadata'!B$5,Posts!C44<='Campaign Metadata'!C$5),"During","Before/After") -> Before/After
A45: P114 | B45: Twitter | C45: 2024-11-14 | D45: Story | E45: Check out our latest story on twitter! | F45: 4000 | G45: 689 | H45: 488 | I45: 40000 | J45: =F45+G45+H45/I45 -> 4689.0122 | K45: =F45+G45+H45 -> 5177 | L45: 39569 | M45: 44 | N45: #LiveForNow | S45: SummerSplash | T45: =IF(AND(C45>='Campaign Metadata'!B$2,Posts!C45<='Campaign Metadata'!C$2),"During","Before/After") -> Before/After | U45: =IF(AND(C45>='Campaign Metadata'!B$3,Posts!C45<='Campaign Metadata'!C$3),"During","Before/After") -> Before/After | V45: =IF(AND(C45>='Campaign Metadata'!B$4,Posts!C45<='Campaign Metadata'!C$4),"During","Before/After") -> Before/After | W45: =IF(AND(C45>='Campaign Metadata'!B$5,Posts!C45<='Campaign Metadata'!C$5),"During","Before/After") -> Before/After
A46: P092 | B46: Twitter | C46: 2024-10-21 | D46: Story | E46: Check out our latest story on twitter! | F46: 3801 | G46: 967 | H46: 401 | I46: 38010 | J46: =F46+G46+H46/I46 -> 4768.0105 | K46: =F46+G46+H46 -> 5169 | L46: 37625 | M46: 236 | N46: #LiveForNow | S46: NewYearRefresh | T46: =IF(AND(C46>='Campaign Metadata'!B$2,Posts!C46<='Campaign Metadata'!C$2),"During","Before/After") -> Before/After | U46: =IF(AND(C46>='Campaign Metadata'!B$3,Posts!C46<='Campaign Metadata'!C$3),"During","Before/After") -> Before/After | V46: =IF(AND(C46>='Campaign Metadata'!B$4,Posts!C46<='Campaign Metadata'!C$4),"During","Before/After") -> During | W46: =IF(AND(C46>='Campaign Metadata'!B$5,Posts!C46<='Campaign Metadata'!C$5),"During","Before/After") -> Before/After
A47: P157 | B47: YouTube | C47: 2024-07-23 | D47: Story | E47: Check out our latest story on youtube! | F47: 4775 | G47: 173 | H47: 206 | I47: 47750 | J47: =F47+G47+H47/I47 -> 4948.0043 | K47: =F47+G47+H47 -> 5154 | L47: 47544 | M47: 187 | N47: #LiveForNow | S47: FestiveRadiance | T47: =IF(AND(C47>='Campaign Metadata'!B$2,Posts!C47<='Campaign Metadata'!C$2),"During","Before/After") -> Before/After | U47: =IF(AND(C47>='Campaign Metadata'!B$3,Posts!C47<='Campaign Metadata'!C$3),"During","Before/After") -> Before/After | V47: =IF(AND(C47>='Campaign Metadata'!B$4,Posts!C47<='Campaign Metadata'!C$4),"During","Before/After") -> Before/After | W47: =IF(AND(C47>='Campaign Metadata'!B$5,Posts!C47<='Campaign Metadata'!C$5),"During","Before/After") -> Before/After
A48: P123 | B48: Instagram | C48: 2024-06-14 | D48: Story | E48: Check out our latest story on instagram! | F48: 4363 | G48: 649 | H48: 140 | I48: 21815 | J48: =F48+G48+H48/I48 -> 5012.0064 | K48: =F48+G48+H48 -> 5152 | L48: 21481 | M48: 157 | N48: #ThirstyForMore | S48: SummerSplash | T48: =IF(AND(C48>='Campaign Metadata'!B$2,Posts!C48<='Campaign Metadata'!C$2),"During","Before/After") -> Before/After | U48: =IF(AND(C48>='Campaign Metadata'!B$3,Posts!C48<='Campaign Metadata'!C$3),"During","Before/After") -> Before/After | V48: =IF(AND(C48>='Campaign Metadata'!B$4,Posts!C48<='Campaign Metadata'!C$4),"During","Before/After") -> Before/After | W48: =IF(AND(C48>='Campaign Metadata'!B$5,Posts!C48<='Campaign Metadata'!C$5),"During","Before/After") -> Before/After
A49: P194 | B49: YouTube | C49: 2024-10-02 | D49: Story | E49: Check out our latest story on youtube! | F49: 4350 | G49: 771 | H49: 7 | I49: 60900 | J49: =F49+G49+H49/I49 -> 5121.0001 | K49: =F49+G49+H49 -> 5128 | L49: 60592 | M49: 195 | N49: #ThirstyForMore | S49: SummerSplash | T49: =IF(AND(C49>='Campaign Metadata'!B$2,Posts!C49<='Campaign Metadata'!C$2),"During","Before/After") -> Before/After | U49: =IF(AND(C49>='Campaign Metadata'!B$3,Posts!C49<='Campaign Metadata'!C$3),"During","Before/After") -> Before/After | V49: =IF(AND(C49>='Campaign Metadata'!B$4,Posts!C49<='Campaign Metadata'!C$4),"During","Before/After") -> During | W49: =IF(AND(C49>='Campaign Metadata'!B$5,Posts!C49<='Campaign Metadata'!C$5),"During","Before/After") -> Before/After
A50: P266 | B50: Facebook | C50: 2024-11-25 | D50: Story | E50: Check out our latest story on facebook! | F50: 4182 | G50: 640 | H50: 240 | I50: 50184 | J50: =F50+G50+H50/I50 -> 4822.0048 | K50: =F50+G50+H50 -> 5062 | L50: 49351 | M50: 10 | N50: #PepsiCoRefresh | S50: NewYearRefresh | T50: =IF(AND(C50>='Campaign Metadata'!B$2,Posts!C50<='Campaign Metadata'!C$2),"During","Before/After") -> Before/After | U50: =IF(AND(C50>='Campaign Metadata'!B$3,Posts!C50<='Campaign Metadata'!C$3),"During","Before/After") -> Before/After | V50: =IF(AND(C50>='Campaign Metadata'!B$4,Posts!C50<='Campaign Metadata'!C$4),"During","Before/After") -> Before/After | W50: =IF(AND(C50>='Campaign Metadata'!B$5,Posts!C50<='Campaign Metadata'!C$5),"During","Before/After") -> Before/After
... A55: P291 | B55: Facebook | C55: 2024-11-06 | D55: Video | E55: Check out our latest video on facebook! | F55: 4663 | G55: 145 | H55: 225 | I55: 69945 | J55: =F55+G55+H55/I55 -> 4808.0032 | K55: =F55+G55+H55 -> 5033 | L55: 69596 | M55: 35 | N55: #ThirstyForMore | S55: DailyWellness | T55: =IF(AND(C55>='Campaign Metadata'!B$2,Posts!C55<='Campaign Metadata'!C$2),"During","Before/After") -> Before/After | U55: =IF(AND(C55>='Campaign Metadata'!B$3,Posts!C55<='Campaign Metadata'!C$3),"During","Before/After") -> Before/After | V55: =IF(AND(C55>='Campaign Metadata'!B$4,Posts!C55<='Campaign Metadata'!C$4),"During","Before/After") -> Before/After | W55: =IF(AND(C55>='Campaign Metadata'!B$5,Posts!C55<='Campaign Metadata'!C$5),"During","Before/After") -> Before/After
A56: P225 | B56: Twitter | C56: 2024-06-20 | D56: Carousel | E56: Check out our latest carousel on twitter! | F56: 4672 | G56: 325 | H56: 32 | I56: 88768 | J56: =F56+G56+H56/I56 -> 4997.0004 | K56: =F56+G56+H56 -> 5029 | L56: 87833 | M56: 118 | N56: #ThirstyForMore | T56: =IF(AND(C56>='Campaign Metadata'!B$2,Posts!C56<='Campaign Metadata'!C$2),"During","Before/After") -> During | U56: =IF(AND(C56>='Campaign Metadata'!B$3,Posts!C56<='Campaign Metadata'!C$3),"During","Before/After") -> Before/After | V56: =IF(AND(C56>='Campaign Metadata'!B$4,Posts!C56<='Campaign Metadata'!C$4),"During","Before/After") -> Before/After | W56: =IF(AND(C56>='Campaign Metadata'!B$5,Posts!C56<='Campaign Metadata'!C$5),"During","Before/After") -> Before/After
A57: P113 | B57: Twitter | C57: 2024-10-02 | D57: Carousel | E57: Check out our latest carousel on twitter! | F57: 4419 | G57: 236 | H57: 369 | I57: 44190 | J57: =F57+G57+H57/I57 -> 4655.0084 | K57: =F57+G57+H57 -> 5024 | L57: 43582 | M57: 10 | N57: #ThirstyForMore | S57: SummerSplash | T57: =IF(AND(C57>='Campaign Metadata'!B$2,Posts!C57<='Campaign Metadata'!C$2),"During","Before/After") -> Before/After | U57: =IF(AND(C57>='Campaign Metadata'!B$3,Posts!C57<='Campaign Metadata'!C$3),"During","Before/After") -> Before/After | V57: =IF(AND(C57>='Campaign Metadata'!B$4,Posts!C57<='Campaign Metadata'!C$4),"During","Before/After") -> During | W57: =IF(AND(C57>='Campaign Metadata'!B$5,Posts!C57<='Campaign Metadata'!C$5),"During","Before/After") -> Before/After
A58: P017 | B58: Facebook | C58: 2025-05-05 | D58: Text | E58: Check out our latest text on facebook! | F58: 4441 | G58: 511 | H58: 70 | I58: 53292 | J58: =F58+G58+H58/I58 -> 4952.0013 | K58: =F58+G58+H58 -> 5022 | L58: 53082 | M58: 159 | N58: #ThirstyForMore | S58: DailyWellness | T58: =IF(AND(C58>='Campaign Metadata'!B$2,Posts!C58<='Campaign Metadata'!C$2),"During","Before/After") -> Before/After | U58: =IF(AND(C58>='Campaign Metadata'!B$3,Posts!C58<='Campaign Metadata'!C$3),"During","Before/After") -> Before/After | V58: =IF(AND(C58>='Campaign Metadata'!B$4,Posts!C58<='Campaign Metadata'!C$4),"During","Before/After") -> Before/After | W58: =IF(AND(C58>='Campaign Metadata'!B$5,Posts!C58<='Campaign Metadata'!C$5),"During","Before/After") -> Before/After
A59: P250 | B59: Facebook | C59: 2024-06-22 | D59: Reel | E59: Check out our latest reel on facebook! | F59: 3813 | G59: 935 | H59: 274 | I59: 68634 | J59: =F59+G59+H59/I59 -> 4748.004 | K59: =F59+G59+H59 -> 5022 | L59: 68488 | M59: 251 | N59: #LiveForNow | T59: =IF(AND(C59>='Campaign Metadata'!B$2,Posts!C59<='Campaign Metadata'!C$2),"During","Before/After") -> During | U59: =IF(AND(C59>='Campaign Metadata'!B$3,Posts!C59<='Campaign Metadata'!C$3),"During","Before/After") -> Before/After | V59: =IF(AND(C59>='Campaign Metadata'!B$4,Posts!C59<='Campaign Metadata'!C$4),"During","Before/After") -> Before/After | W59: =IF(AND(C59>='Campaign Metadata'!B$5,Posts!C59<='Campaign Metadata'!C$5),"During","Before/After") -> Before/After
A60: P268 | B60: Instagram | C60: 2025-04-13 | D60: Reel | E60: Check out our latest reel on instagram! | F60: 4579 | G60: 125 | H60: 300 | I60: 59527 | J60: =F60+G60+H60/I60 -> 4704.005 | K60: =F60+G60+H60 -> 5004 | L60: 59400 | M60: 269 | N60: #ThirstyForMore | S60: SummerSplash | T60: =IF(AND(C60>='Campaign Metadata'!B$2,Posts!C60<='Campaign Metadata'!C$2),"During","Before/After") -> Before/After | U60: =IF(AND(C60>='Campaign Metadata'!B$3,Posts!C60<='Campaign Metadata'!C$3),"During","Before/After") -> Before/After | V60: =IF(AND(C60>='Campaign Metadata'!B$4,Posts!C60<='Campaign Metadata'!C$4),"During","Before/After") -> Before/After | W60: =IF(AND(C60>='Campaign Metadata'!B$5,Posts!C60<='Campaign Metadata'!C$5),"During","Before/After") -> Before/After
A61: P009 | B61: Facebook | C61: 2024-08-30 | D61: Text | E61: Check out our latest text on facebook! | F61: 3784 | G61: 808 | H61: 404 | I61: 56760 | J61: =F61+G61+H61/I61 -> 4592.0071 | K61: =F61+G61+H61 -> 4996 | L61: 56343 | M61: 131 | N61: #PepsiCoRefresh | S61: FestiveRadiance | T61: =IF(AND(C61>='Campaign Metadata'!B$2,Posts!C61<='Campaign Metadata'!C$2),"During","Before/After") -> Before/After | U61: =IF(AND(C61>='Campaign Metadata'!B$3,Posts!C61<='Campaign Metadata'!C$3),"During","Before/After") -> Before/After | V61: =IF(AND(C61>='Campaign Metadata'!B$4,Posts!C61<='Campaign Metadata'!C$4),"During","Before/After") -> Before/After | W61: =IF(AND(C61>='Campaign Metadata'!B$5,Posts!C61<='Campaign Metadata'!C$5),"During","Before/After") -> Before/After
A62: P221 | B62: Facebook | C62: 2025-03-23 | D62: Video | E62: Check out our latest video on facebook! | F62: 4453 | G62: 111 | H62: 420 | I62: 31171 | J62: =F62+G62+H62/I62 -> 4564.0135 | K62: =F62+G62+H62 -> 4984 | L62: 30565 | M62: 23 | N62: #PepsiCoRefresh | T62: =IF(AND(C62>='Campaign Metadata'!B$2,Posts!C62<='Campaign Metadata'!C$2),"During","Before/After") -> Before/After | U62: =IF(AND(C62>='Campaign Metadata'!B$3,Posts!C62<='Campaign Metadata'!C$3),"During","Before/After") -> During | V62: =IF(AND(C62>='Campaign Metadata'!B$4,Posts!C62<='Campaign Metadata'!C$4),"During","Before/After") -> Before/After | W62: =IF(AND(C62>='Campaign Metadata'!B$5,Posts!C62<='Campaign Metadata'!C$5),"During","Before/After") -> Before/After
A63: P002 | B63: Twitter | C63: 2025-04-03 | D63: Text | E63: Check out our latest text on twitter! | F63: 4054 | G63: 389 | H63: 493 | I63: 64864 | J63: =F63+G63+H63/I63 -> 4443.0076 | K63: =F63+G63+H63 -> 4936 | L63: 64383 | M63: 117 | N63: #PepsiCoRefresh | O63: #BetterWithPepsi | S63: FestiveRadiance | T63: =IF(AND(C63>='Campaign Metadata'!B$2,Posts!C63<='Campaign Metadata'!C$2),"During","Before/After") -> Before/After | U63: =IF(AND(C63>='Campaign Metadata'!B$3,Posts!C63<='Campaign Metadata'!C$3),"During","Before/After") -> Before/After | V63: =IF(AND(C63>='Campaign Metadata'!B$4,Posts!C63<='Campaign Metadata'!C$4),"During","Before/After") -> Before/After | W63: =IF(AND(C63>='Campaign Metadata'!B$5,Posts!C63<='Campaign Metadata'!C$5),"During","Before/After") -> Before/After
A64: P014 | B64: Facebook | C64: 2025-02-16 | D64: Story | E64: Check out our latest story on facebook! | F64: 4242 | G64: 555 | H64: 131 | I64: 33936 | J64: =F64+G64+H64/I64 -> 4797.0039 | K64: =F64+G64+H64 -> 4928 | L64: 33802 | M64: 265 | N64: #LiveForNow | T64: =IF(AND(C64>='Campaign Metadata'!B$2,Posts!C64<='Campaign Metadata'!C$2),"During","Before/After") -> Before/After | U64: =IF(AND(C64>='Campaign Metadata'!B$3,Posts!C64<='Campaign Metadata'!C$3),"During","Before/After") -> Before/After | V64: =IF(AND(C64>='Campaign Metadata'!B$4,Posts!C64<='Campaign Metadata'!C$4),"During","Before/After") -> Before/After | W64: =IF(AND(C64>='Campaign Metadata'!B$5,Posts!C64<='Campaign Metadata'!C$5),"During","Before/After") -> Before/After
A65: P148 | B65: Instagram | C65: 2025-04-15 | D65: Video | E65: Check out our latest video on instagram! | F65: 4133 | G65: 466 | H65: 327 | I65: 24798 | J65: =F65+G65+H65/I65 -> 4599.0132 | K65: =F65+G65+H65 -> 4926 | L65: 24620 | M65: 176 | N65: #ThirstyForMore | S65: DailyWellness | T65: =IF(AND(C65>='Campaign Metadata'!B$2,Posts!C65<='Campaign Metadata'!C$2),"During","Before/After") -> Before/After | U65: =IF(AND(C65>='Campaign Metadata'!B$3,Posts!C65<='Campaign Metadata'!C$3),"During","Before/After") -> Before/After | V65: =IF(AND(C65>='Campaign Metadata'!B$4,Posts!C65<='Campaign Metadata'!C$4),"During","Before/After") -> Before/After | W65: =IF(AND(C65>='Campaign Metadata'!B$5,Posts!C65<='Campaign Metadata'!C$5),"During","Before/After") -> Before/After
A66: P090 | B66: Instagram | C66: 2024-06-03 | D66: Image | E66: Check out our latest image on instagram! | F66: 3861 | G66: 960 | H66: 101 | I66: 69498 | J66: =F66+G66+H66/I66 -> 4821.0015 | K66: =F66+G66+H66 -> 4922 | L66: 68817 | M66: 297 | N66: #PepsiCoRefresh | S66: DailyWellness | T66: =IF(AND(C66>='Campaign Metadata'!B$2,Posts!C66<='Campaign Metadata'!C$2),"During","Before/After") -> Before/After | U66: =IF(AND(C66>='Campaign Metadata'!B$3,Posts!C66<='Campaign Metadata'!C$3),"During","Before/After") -> Before/After | V66: =IF(AND(C66>='Campaign Metadata'!B$4,Posts!C66<='Campaign Metadata'!C$4),"During","Before/After") -> Before/After | W66: =IF(AND(C66>='Campaign Metadata'!B$5,Posts!C66<='Campaign Metadata'!C$5),"During","Before/After") -> Before/After
A67: P020 | B67: Instagram | C67: 2024-09-09 | D67: Carousel | E67: Check out our latest carousel on instagram! | F67: 4054 | G67: 488 | H67: 373 | I67: 77026 | J67: =F67+G67+H67/I67 -> 4542.0048 | K67: =F67+G67+H67 -> 4915 | L67: 76881 | M67: 25 | N67: #PepsiCoRefresh | S67: SummerSplash | T67: =IF(AND(C67>='Campaign Metadata'!B$2,Posts!C67<='Campaign Metadata'!C$2),"During","Before/After") -> Before/After | U67: =IF(AND(C67>='Campaign Metadata'!B$3,Posts!C67<='Campaign Metadata'!C$3),"During","Before/After") -> Before/After | V67: =IF(AND(C67>='Campaign Metadata'!B$4,Posts!C67<='Campaign Metadata'!C$4),"During","Before/After") -> Before/After | W67: =IF(AND(C67>='Campaign Metadata'!B$5,Posts!C67<='Campaign Metadata'!C$5),"During","Before/After") -> Before/After
A68: P135 | B68: Facebook | C68: 2024-11-28 | D68: Text | E68: Check out our latest text on facebook! | F68: 4213 | G68: 253 | H68: 434 | I68: 75834 | J68: =F68+G68+H68/I68 -> 4466.0057 | K68: =F68+G68+H68 -> 4900 | L68: 75437 | M68: 272 | N68: #LiveForNow | S68: DailyWellness | T68: =IF(AND(C68>='Campaign Metadata'!B$2,Posts!C68<='Campaign Metadata'!C$2),"During","Before/After") -> Before/After | U68: =IF(AND(C68>='Campaign Metadata'!B$3,Posts!C68<='Campaign Metadata'!C$3),"During","Before/After") -> Before/After | V68: =IF(AND(C68>='Campaign Metadata'!B$4,Posts!C68<='Campaign Metadata'!C$4),"During","Before/After") -> Before/After | W68: =IF(AND(C68>='Campaign Metadata'!B$5,Posts!C68<='Campaign Metadata'!C$5),"During","Before/After") -> Before/After
A69: P207 | B69: Twitter | C69: 2024-12-29 | D69: Carousel | E69: Check out our latest carousel on twitter! | F69: 4274 | G69: 340 | H69: 281 | I69: 34192 | J69: =F69+G69+H69/I69 -> 4614.0082 | K69: =F69+G69+H69 -> 4895 | L69: 33446 | M69: 129 | N69: #PepsiCoRefresh | O69: #SmoothLikeNitroPepsi | S69: NewYearRefresh | T69: =IF(AND(C69>='Campaign Metadata'!B$2,Posts!C69<='Campaign Metadata'!C$2),"During","Before/After") -> Before/After | U69: =IF(AND(C69>='Campaign Metadata'!B$3,Posts!C69<='Campaign Metadata'!C$3),"During","Before/After") -> Before/After | V69: =IF(AND(C69>='Campaign Metadata'!B$4,Posts!C69<='Campaign Metadata'!C$4),"During","Before/After") -> Before/After | W69: =IF(AND(C69>='Campaign Metadata'!B$5,Posts!C69<='Campaign Metadata'!C$5),"During","Before/After") -> During
A70: P125 | B70: Twitter | C70: 2024-09-08 | D70: Carousel | E70: Check out our latest carousel on twitter! | F70: 3811 | G70: 866 | H70: 216 | I70: 34299 | J70: =F70+G70+H70/I70 -> 4677.0063 | K70: =F70+G70+H70 -> 4893 | L70: 34088 | M70: 233 | N70: #PepsiCoRefresh | S70: DailyWellness | T70: =IF(AND(C70>='Campaign Metadata'!B$2,Posts!C70<='Campaign Metadata'!C$2),"During","Before/After") -> Before/After | U70: =IF(AND(C70>='Campaign Metadata'!B$3,Posts!C70<='Campaign Metadata'!C$3),"During","Before/After") -> Before/After | V70: =IF(AND(C70>='Campaign Metadata'!B$4,Posts!C70<='Campaign Metadata'!C$4),"During","Before/After") -> Before/After | W70: =IF(AND(C70>='Campaign Metadata'!B$5,Posts!C70<='Campaign Metadata'!C$5),"During","Before/After") -> Before/After
A71: P285 | B71: YouTube | C71: 2024-07-18 | D71: Text | E71: Check out our latest text on youtube! | F71: 4021 | G71: 794 | H71: 77 | I71: 36189 | J71: =F71+G71+H71/I71 -> 4815.0021 | K71: =F71+G71+H71 -> 4892 | L71: 35505 | M71: 174 | N71: #ThirstyForMore | T71: =IF(AND(C71>='Campaign Metadata'!B$2,Posts!C71<='Campaign Metadata'!C$2),"During","Before/After") -> Before/After | U71: =IF(AND(C71>='Campaign Metadata'!B$3,Posts!C71<='Campaign Metadata'!C$3),"During","Before/After") -> Before/After | V71: =IF(AND(C71>='Campaign Metadata'!B$4,Posts!C71<='Campaign Metadata'!C$4),"During","Before/After") -> Before/After | W71: =IF(AND(C71>='Campaign Metadata'!B$5,Posts!C71<='Campaign Metadata'!C$5),"During","Before/After") -> Before/After
A72: P243 | B72: Twitter | C72: 2025-03-06 | D72: Image | E72: Check out our latest image on twitter! | F72: 3592 | G72: 911 | H72: 375 | I72: 50288 | J72: =F72+G72+H72/I72 -> 4503.0075 | K72: =F72+G72+H72 -> 4878 | L72: 49490 | M72: 32 | N72: #LiveForNow | S72: DailyWellness | T72: =IF(AND(C72>='Campaign Metadata'!B$2,Posts!C72<='Campaign Metadata'!C$2),"During","Before/After") -> Before/After | U72: =IF(AND(C72>='Campaign Metadata'!B$3,Posts!C72<='Campaign Metadata'!C$3),"During","Before/After") -> During | V72: =IF(AND(C72>='Campaign Metadata'!B$4,Posts!C72<='Campaign Metadata'!C$4),"During","Before/After") -> Before/After | W72: =IF(AND(C72>='Campaign Metadata'!B$5,Posts!C72<='Campaign Metadata'!C$5),"During","Before/After") -> Before/After
A73: P179 | B73: Facebook | C73: 2024-07-15 | D73: Carousel | E73: Check out our latest carousel on facebook! | F73: 3796 | G73: 667 | H73: 395 | I73: 64532 | J73: =F73+G73+H73/I73 -> 4463.0061 | K73: =F73+G73+H73 -> 4858 | L73: 63550 | M73: 292 | N73: #PepsiCoRefresh | T73: =IF(AND(C73>='Campaign Metadata'!B$2,Posts!C73<='Campaign Metadata'!C$2),"During","Before/After") -> During | U73: =IF(AND(C73>='Campaign Metadata'!B$3,Posts!C73<='Campaign Metadata'!C$3),"During","Before/After") -> Before/After | V73: =IF(AND(C73>='Campaign Metadata'!B$4,Posts!C73<='Campaign Metadata'!C$4),"During","Before/After") -> Before/After | W73: =IF(AND(C73>='Campaign Metadata'!B$5,Posts!C73<='Campaign Metadata'!C$5),"During","Before/After") -> Before/After
A74: P024 | B74: Facebook | C74: 2025-01-23 | D74: Video | E74: Check out our latest video on facebook! | F74: 3961 | G74: 761 | H74: 131 | I74: 67337 | J74: =F74+G74+H74/I74 -> 4722.0019 | K74: =F74+G74+H74 -> 4853 | L74: 66615 | M74: 161 | N74: #LiveForNow | S74: NewYearRefresh | T74: =IF(AND(C74>='Campaign Metadata'!B$2,Posts!C74<='Campaign Metadata'!C$2),"During","Before/After") -> Before/After | U74: =IF(AND(C74>='Campaign Metadata'!B$3,Posts!C74<='Campaign Metadata'!C$3),"During","Before/After") -> Before/After | V74: =IF(AND(C74>='Campaign Metadata'!B$4,Posts!C74<='Campaign Metadata'!C$4),"During","Before/After") -> Before/After | W74: =IF(AND(C74>='Campaign Metadata'!B$5,Posts!C74<='Campaign Metadata'!C$5),"During","Before/After") -> Before/After
A75: P237 | B75: Instagram | C75: 2024-10-22 | D75: Story | E75: Check out our latest story on instagram! | F75: 3770 | G75: 917 | H75: 129 | I75: 71630 | J75: =F75+G75+H75/I75 -> 4687.0018 | K75: =F75+G75+H75 -> 4816 | L75: 71322 | M75: 76 | N75: #LiveForNow | S75: SummerSplash | T75: =IF(AND(C75>='Campaign Metadata'!B$2,Posts!C75<='Campaign Metadata'!C$2),"During","Before/After") -> Before/After | U75: =IF(AND(C75>='Campaign Metadata'!B$3,Posts!C75<='Campaign Metadata'!C$3),"During","Before/After") -> Before/After | V75: =IF(AND(C75>='Campaign Metadata'!B$4,Posts!C75<='Campaign Metadata'!C$4),"During","Before/After") -> During | W75: =IF(AND(C75>='Campaign Metadata'!B$5,Posts!C75<='Campaign Metadata'!C$5),"During","Before/After") -> Before/After
A76: P099 | B76: YouTube | C76: 2024-07-02 | D76: Carousel | E76: Check out our latest carousel on youtube! | F76: 4171 | G76: 548 | H76: 86 | I76: 66736 | J76: =F76+G76+H76/I76 -> 4719.0013 | K76: =F76+G76+H76 -> 4805 | L76: 66634 | M76: 173 | N76: #LiveForNow | S76: NewYearRefresh | T76: =IF(AND(C76>='Campaign Metadata'!B$2,Posts!C76<='Campaign Metadata'!C$2),"During","Before/After") -> During | U76: =IF(AND(C76>='Campaign Metadata'!B$3,Posts!C76<='Campaign Metadata'!C$3),"During","Before/After") -> Before/After | V76: =IF(AND(C76>='Campaign Metadata'!B$4,Posts!C76<='Campaign Metadata'!C$4),"During","Before/After") -> Before/After | W76: =IF(AND(C76>='Campaign Metadata'!B$5,Posts!C76<='Campaign Metadata'!C$5),"During","Before/After") -> Before/After
A77: P085 | B77: Instagram | C77: 2025-04-19 | D77: Image | E77: Check out our latest image on instagram! | F77: 4177 | G77: 569 | H77: 55 | I77: 25062 | J77: =F77+G77+H77/I77 -> 4746.0022 | K77: =F77+G77+H77 -> 4801 | L77: 24847 | M77: 230 | N77: #LiveForNow | S77: SummerSplash | T77: =IF(AND(C77>='Campaign Metadata'!B$2,Posts!C77<='Campaign Metadata'!C$2),"During","Before/After") -> Before/After | U77: =IF(AND(C77>='Campaign Metadata'!B$3,Posts!C77<='Campaign Metadata'!C$3),"During","Before/After") -> Before/After | V77: =IF(AND(C77>='Campaign Metadata'!B$4,Posts!C77<='Campaign Metadata'!C$4),"During","Before/After") -> Before/After | W77: =IF(AND(C77>='Campaign Metadata'!B$5,Posts!C77<='Campaign Metadata'!C$5),"During","Before/After") -> Before/After
A78: P205 | B78: Twitter | C78: 2025-04-24 | D78: Video | E78: Check out our latest video on twitter! | F78: 3820 | G78: 697 | H78: 268 | I78: 45840 | J78: =F78+G78+H78/I78 -> 4517.0058 | K78: =F78+G78+H78 -> 4785 | L78: 45631 | M78: 171 | N78: #PepsiCoRefresh | O78: #SmoothLikeNitroPepsi | S78: DailyWellness | T78: =IF(AND(C78>='Campaign Metadata'!B$2,Posts!C78<='Campaign Metadata'!C$2),"During","Before/After") -> Before/After | U78: =IF(AND(C78>='Campaign Metadata'!B$3,Posts!C78<='Campaign Metadata'!C$3),"During","Before/After") -> Before/After | V78: =IF(AND(C78>='Campaign Metadata'!B$4,Posts!C78<='Campaign Metadata'!C$4),"During","Before/After") -> Before/After | W78: =IF(AND(C78>='Campaign Metadata'!B$5,Posts!C78<='Campaign Metadata'!C$5),"During","Before/After") -> Before/After
A79: P212 | B79: YouTube | C79: 2025-03-03 | D79: Video | E79: Check out our latest video on youtube! | F79: 3874 | G79: 884 | H79: 19 | I79: 38740 | J79: =F79+G79+H79/I79 -> 4758.0005 | K79: =F79+G79+H79 -> 4777 | L79: 38552 | M79: 219 | N79: #PepsiCoRefresh | S79: FestiveRadiance | T79: =IF(AND(C79>='Campaign Metadata'!B$2,Posts!C79<='Campaign Metadata'!C$2),"During","Before/After") -> Before/After | U79: =IF(AND(C79>='Campaign Metadata'!B$3,Posts!C79<='Campaign Metadata'!C$3),"During","Before/After") -> During | V79: =IF(AND(C79>='Campaign Metadata'!B$4,Posts!C79<='Campaign Metadata'!C$4),"During","Before/After") -> Before/After | W79: =IF(AND(C79>='Campaign Metadata'!B$5,Posts!C79<='Campaign Metadata'!C$5),"During","Before/After") -> Before/After
A80: P156 | B80: Facebook | C80: 2024-10-22 | D80: Carousel | E80: Check out our latest carousel on facebook! | F80: 3352 | G80: 941 | H80: 482 | I80: 43576 | J80: =F80+G80+H80/I80 -> 4293.0111 | K80: =F80+G80+H80 -> 4775 | L80: 43338 | M80: 240 | N80: #LiveForNow | S80: FestiveRadiance | T80: =IF(AND(C80>='Campaign Metadata'!B$2,Posts!C80<='Campaign Metadata'!C$2),"During","Before/After") -> Before/After | U80: =IF(AND(C80>='Campaign Metadata'!B$3,Posts!C80<='Campaign Metadata'!C$3),"During","Before/After") -> Before/After | V80: =IF(AND(C80>='Campaign Metadata'!B$4,Posts!C80<='Campaign Metadata'!C$4),"During","Before/After") -> During | W80: =IF(AND(C80>='Campaign Metadata'!B$5,Posts!C80<='Campaign Metadata'!C$5),"During","Before/After") -> Before/After
A81: P110 | B81: Instagram | C81: 2024-07-29 | D81: Reel | E81: Check out our latest reel on instagram! | F81: 3523 | G81: 753 | H81: 482 | I81: 38753 | J81: =F81+G81+H81/I81 -> 4276.0124 | K81: =F81+G81+H81 -> 4758 | L81: 38579 | M81: 270 | N81: #ThirstyForMore | S81: FestiveRadiance | T81: =IF(AND(C81>='Campaign Metadata'!B$2,Posts!C81<='Campaign Metadata'!C$2),"During","Before/After") -> Before/After | U81: =IF(AND(C81>='Campaign Metadata'!B$3,Posts!C81<='Campaign Metadata'!C$3),"During","Before/After") -> Before/After | V81: =IF(AND(C81>='Campaign Metadata'!B$4,Posts!C81<='Campaign Metadata'!C$4),"During","Before/After") -> Before/After | W81: =IF(AND(C81>='Campaign Metadata'!B$5,Posts!C81<='Campaign Metadata'!C$5),"During","Before/After") -> Before/After
A82: P185 | B82: Instagram | C82: 2025-01-11 | D82: Carousel | E82: Check out our latest carousel on instagram! | F82: 4523 | G82: 61 | H82: 157 | I82: 49753 | J82: =F82+G82+H82/I82 -> 4584.0032 | K82: =F82+G82+H82 -> 4741 | L82: 49329 | M82: 71 | N82: #ThirstyForMore | T82: =IF(AND(C82>='Campaign Metadata'!B$2,Posts!C82<='Campaign Metadata'!C$2),"During","Before/After") -> Before/After | U82: =IF(AND(C82>='Campaign Metadata'!B$3,Posts!C82<='Campaign Metadata'!C$3),"During","Before/After") -> Before/After | V82: =IF(AND(C82>='Campaign Metadata'!B$4,Posts!C82<='Campaign Metadata'!C$4),"During","Before/After") -> Before/After | W82: =IF(AND(C82>='Campaign Metadata'!B$5,Posts!C82<='Campaign Metadata'!C$5),"During","Before/After") -> Before/After
A83: P063 | B83: Twitter | C83: 2024-07-31 | D83: Carousel | E83: Check out our latest carousel on twitter! | F83: 4507 | G83: 217 | H83: 13 | I83: 90140 | J83: =F83+G83+H83/I83 -> 4724.0001 | K83: =F83+G83+H83 -> 4737 | L83: 89591 | M83: 125 | N83: #LiveForNow | S83: NewYearRefresh | T83: =IF(AND(C83>='Campaign Metadata'!B$2,Posts!C83<='Campaign Metadata'!C$2),"During","Before/After") -> Before/After | U83: =IF(AND(C83>='Campaign Metadata'!B$3,Posts!C83<='Campaign Metadata'!C$3),"During","Before/After") -> Before/After | V83: =IF(AND(C83>='Campaign Metadata'!B$4,Posts!C83<='Campaign Metadata'!C$4),"During","Before/After") -> Before/After | W83: =IF(AND(C83>='Campaign Metadata'!B$5,Posts!C83<='Campaign Metadata'!C$5),"During","Before/After") -> Before/After
A84: P186 | B84: Facebook | C84: 2024-08-24 | D84: Carousel | E84: Check out our latest carousel on facebook! | F84: 4292 | G84: 51 | H84: 392 | I84: 55796 | J84: =F84+G84+H84/I84 -> 4343.007 | K84: =F84+G84+H84 -> 4735 | L84: 54826 | M84: 264 | N84: #ThirstyForMore | S84: NewYearRefresh | T84: =IF(AND(C84>='Campaign Metadata'!B$2,Posts!C84<='Campaign Metadata'!C$2),"During","Before/After") -> Before/After | U84: =IF(AND(C84>='Campaign Metadata'!B$3,Posts!C84<='Campaign Metadata'!C$3),"During","Before/After") -> Before/After | V84: =IF(AND(C84>='Campaign Metadata'!B$4,Posts!C84<='Campaign Metadata'!C$4),"During","Before/After") -> Before/After | W84: =IF(AND(C84>='Campaign Metadata'!B$5,Posts!C84<='Campaign Metadata'!C$5),"During","Before/After") -> Before/After
A85: P005 | B85: YouTube | C85: 2024-06-26 | D85: Reel | E85: Check out our latest reel on youtube! | F85: 3557 | G85: 687 | H85: 424 | I85: 71140 | J85: =F85+G85+H85/I85 -> 4244.006 | K85: =F85+G85+H85 -> 4668 | L85: 70701 | M85: 224 | N85: #ThirstyForMore | O85: #PepsiCoRefresh | S85: SummerSplash | T85: =IF(AND(C85>='Campaign Metadata'!B$2,Posts!C85<='Campaign Metadata'!C$2),"During","Before/After") -> During | U85: =IF(AND(C85>='Campaign Metadata'!B$3,Posts!C85<='Campaign Metadata'!C$3),"During","Before/After") -> Before/After | V85: =IF(AND(C85>='Campaign Metadata'!B$4,Posts!C85<='Campaign Metadata'!C$4),"During","Before/After") -> Before/After | W85: =IF(AND(C85>='Campaign Metadata'!B$5,Posts!C85<='Campaign Metadata'!C$5),"During","Before/After") -> Before/After
A86: P170 | B86: Twitter | C86: 2025-04-28 | D86: Text | E86: Check out our latest text on twitter! | F86: 3577 | G86: 596 | H86: 493 | I86: 67963 | J86: =F86+G86+H86/I86 -> 4173.0073 | K86: =F86+G86+H86 -> 4666 | L86: 67839 | M86: 53 | N86: #PepsiCoRefresh | S86: NewYearRefresh | T86: =IF(AND(C86>='Campaign Metadata'!B$2,Posts!C86<='Campaign Metadata'!C$2),"During","Before/After") -> Before/After | U86: =IF(AND(C86>='Campaign Metadata'!B$3,Posts!C86<='Campaign Metadata'!C$3),"During","Before/After") -> Before/After | V86: =IF(AND(C86>='Campaign Metadata'!B$4,Posts!C86<='Campaign Metadata'!C$4),"During","Before/After") -> Before/After | W86: =IF(AND(C86>='Campaign Metadata'!B$5,Posts!C86<='Campaign Metadata'!C$5),"During","Before/After") -> Before/After
A87: P015 | B87: Facebook | C87: 2024-10-24 | D87: Video | E87: Check out our latest video on facebook! | F87: 3888 | G87: 604 | H87: 128 | I87: 77760 | J87: =F87+G87+H87/I87 -> 4492.0016 | K87: =F87+G87+H87 -> 4620 | L87: 77167 | M87: 20 | N87: #LiveForNow | S87: SummerSplash | T87: =IF(AND(C87>='Campaign Metadata'!B$2,Posts!C87<='Campaign Metadata'!C$2),"During","Before/After") -> Before/After | U87: =IF(AND(C87>='Campaign Metadata'!B$3,Posts!C87<='Campaign Metadata'!C$3),"During","Before/After") -> Before/After | V87: =IF(AND(C87>='Campaign Metadata'!B$4,Posts!C87<='Campaign Metadata'!C$4),"During","Before/After") -> During | W87: =IF(AND(C87>='Campaign Metadata'!B$5,Posts!C87<='Campaign Metadata'!C$5),"During","Before/After") -> Before/After
A88: P253 | B88: Twitter | C88: 2024-08-03 | D88: Reel | E88: Check out our latest reel on twitter! | F88: 3791 | G88: 593 | H88: 228 | I88: 53074 | J88: =F88+G88+H88/I88 -> 4384.0043 | K88: =F88+G88+H88 -> 4612 | L88: 52613 | M88: 205 | N88: #ThirstyForMore | T88: =IF(AND(C88>='Campaign Metadata'!B$2,Posts!C88<='Campaign Metadata'!C$2),"During","Before/After") -> Before/After | U88: =IF(AND(C88>='Campaign Metadata'!B$3,Posts!C88<='Campaign Metadata'!C$3),"During","Before/After") -> Before/After | V88: =IF(AND(C88>='Campaign Metadata'!B$4,Posts!C88<='Campaign Metadata'!C$4),"During","Before/After") -> Before/After | W88: =IF(AND(C88>='Campaign Metadata'!B$5,Posts!C88<='Campaign Metadata'!C$5),"During","Before/After") -> Before/After
A89: P126 | B89: Instagram | C89: 2025-03-28 | D89: Carousel | E89: Check out our latest carousel on instagram! | F89: 4158 | G89: 167 | H89: 241 | I89: 45738 | J89: =F89+G89+H89/I89 -> 4325.0053 | K89: =F89+G89+H89 -> 4566 | L89: 45183 | M89: 142 | N89: #LiveForNow | T89: =IF(AND(C89>='Campaign Metadata'!B$2,Posts!C89<='Campaign Metadata'!C$2),"During","Before/After") -> Before/After | U89: =IF(AND(C89>='Campaign Metadata'!B$3,Posts!C89<='Campaign Metadata'!C$3),"During","Before/After") -> During | V89: =IF(AND(C89>='Campaign Metadata'!B$4,Posts!C89<='Campaign Metadata'!C$4),"During","Before/After") -> Before/After | W89: =IF(AND(C89>='Campaign Metadata'!B$5,Posts!C89<='Campaign Metadata'!C$5),"During","Before/After") -> Before/After
A90: P127 | B90: Facebook | C90: 2025-01-27 | D90: Reel | E90: Check out our latest reel on facebook! | F90: 3452 | G90: 652 | H90: 442 | I90: 65588 | J90: =F90+G90+H90/I90 -> 4104.0067 | K90: =F90+G90+H90 -> 4546 | L90: 65049 | M90: 158 | N90: #LiveForNow | S90: NewYearRefresh | T90: =IF(AND(C90>='Campaign Metadata'!B$2,Posts!C90<='Campaign Metadata'!C$2),"During","Before/After") -> Before/After | U90: =IF(AND(C90>='Campaign Metadata'!B$3,Posts!C90<='Campaign Metadata'!C$3),"During","Before/After") -> Before/After | V90: =IF(AND(C90>='Campaign Metadata'!B$4,Posts!C90<='Campaign Metadata'!C$4),"During","Before/After") -> Before/After | W90: =IF(AND(C90>='Campaign Metadata'!B$5,Posts!C90<='Campaign Metadata'!C$5),"During","Before/After") -> Before/After
A91: P255 | B91: Facebook | C91: 2025-04-03 | D91: Story | E91: Check out our latest story on facebook! | F91: 3767 | G91: 514 | H91: 238 | I91: 37670 | J91: =F91+G91+H91/I91 -> 4281.0063 | K91: =F91+G91+H91 -> 4519 | L91: 36807 | M91: 226 | N91: #LiveForNow | S91: DailyWellness | T91: =IF(AND(C91>='Campaign Metadata'!B$2,Posts!C91<='Campaign Metadata'!C$2),"During","Before/After") -> Before/After | U91: =IF(AND(C91>='Campaign Metadata'!B$3,Posts!C91<='Campaign Metadata'!C$3),"During","Before/After") -> Before/After | V91: =IF(AND(C91>='Campaign Metadata'!B$4,Posts!C91<='Campaign Metadata'!C$4),"During","Before/After") -> Before/After | W91: =IF(AND(C91>='Campaign Metadata'!B$5,Posts!C91<='Campaign Metadata'!C$5),"During","Before/After") -> Before/After
A92: P235 | B92: Facebook | C92: 2024-12-22 | D92: Image | E92: Check out our latest image on facebook! | F92: 3196 | G92: 941 | H92: 376 | I92: 35156 | J92: =F92+G92+H92/I92 -> 4137.0107 | K92: =F92+G92+H92 -> 4513 | L92: 34444 | M92: 241 | N92: #PepsiCoRefresh | S92: NewYearRefresh | T92: =IF(AND(C92>='Campaign Metadata'!B$2,Posts!C92<='Campaign Metadata'!C$2),"During","Before/After") -> Before/After | U92: =IF(AND(C92>='Campaign Metadata'!B$3,Posts!C92<='Campaign Metadata'!C$3),"During","Before/After") -> Before/After | V92: =IF(AND(C92>='Campaign Metadata'!B$4,Posts!C92<='Campaign Metadata'!C$4),"During","Before/After") -> Before/After | W92: =IF(AND(C92>='Campaign Metadata'!B$5,Posts!C92<='Campaign Metadata'!C$5),"During","Before/After") -> Before/After
A93: P104 | B93: YouTube | C93: 2025-03-23 | D93: Story | E93: Check out our latest story on youtube! | F93: 3655 | G93: 568 | H93: 286 | I93: 32895 | J93: =F93+G93+H93/I93 -> 4223.0087 | K93: =F93+G93+H93 -> 4509 | L93: 32015 | M93: 199 | N93: #PepsiCoRefresh | S93: NewYearRefresh | T93: =IF(AND(C93>='Campaign Metadata'!B$2,Posts!C93<='Campaign Metadata'!C$2),"During","Before/After") -> Before/After | U93: =IF(AND(C93>='Campaign Metadata'!B$3,Posts!C93<='Campaign Metadata'!C$3),"During","Before/After") -> During | V93: =IF(AND(C93>='Campaign Metadata'!B$4,Posts!C93<='Campaign Metadata'!C$4),"During","Before/After") -> Before/After | W93: =IF(AND(C93>='Campaign Metadata'!B$5,Posts!C93<='Campaign Metadata'!C$5),"During","Before/After") -> Before/After
A94: P008 | B94: YouTube | C94: 2024-07-13 | D94: Image | E94: Check out our latest image on youtube! | F94: 3929 | G94: 262 | H94: 278 | I94: 43219 | J94: =F94+G94+H94/I94 -> 4191.0064 | K94: =F94+G94+H94 -> 4469 | L94: 42841 | M94: 39 | N94: #ThirstyForMore | S94: DailyWellness | T94: =IF(AND(C94>='Campaign Metadata'!B$2,Posts!C94<='Campaign Metadata'!C$2),"During","Before/After") -> During | U94: =IF(AND(C94>='Campaign Metadata'!B$3,Posts!C94<='Campaign Metadata'!C$3),"During","Before/After") -> Before/After | V94: =IF(AND(C94>='Campaign Metadata'!B$4,Posts!C94<='Campaign Metadata'!C$4),"During","Before/After") -> Before/After | W94: =IF(AND(C94>='Campaign Metadata'!B$5,Posts!C94<='Campaign Metadata'!C$5),"During","Before/After") -> Before/After
A95: P136 | B95: Instagram | C95: 2024-07-11 | D95: Text | E95: Check out our latest text on instagram! | F95: 3134 | G95: 888 | H95: 444 | I95: 21938 | J95: =F95+G95+H95/I95 -> 4022.0202 | K95: =F95+G95+H95 -> 4466 | L95: 21337 | M95: 130 | N95: #ThirstyForMore | S95: DailyWellness | T95: =IF(AND(C95>='Campaign Metadata'!B$2,Posts!C95<='Campaign Metadata'!C$2),"During","Before/After") -> During | U95: =IF(AND(C95>='Campaign Metadata'!B$3,Posts!C95<='Campaign Metadata'!C$3),"During","Before/After") -> Before/After | V95: =IF(AND(C95>='Campaign Metadata'!B$4,Posts!C95<='Campaign Metadata'!C$4),"During","Before/After") -> Before/After | W95: =IF(AND(C95>='Campaign Metadata'!B$5,Posts!C95<='Campaign Metadata'!C$5),"During","Before/After") -> Before/After
A96: P271 | B96: Instagram | C96: 2024-10-17 | D96: Video | E96: Check out our latest video on instagram! | F96: 3575 | G96: 749 | H96: 111 | I96: 21450 | J96: =F96+G96+H96/I96 -> 4324.0052 | K96: =F96+G96+H96 -> 4435 | L96: 20785 | M96: 195 | N96: #ThirstyForMore | S96: FestiveRadiance | T96: =IF(AND(C96>='Campaign Metadata'!B$2,Posts!C96<='Campaign Metadata'!C$2),"During","Before/After") -> Before/After | U96: =IF(AND(C96>='Campaign Metadata'!B$3,Posts!C96<='Campaign Metadata'!C$3),"During","Before/After") -> Before/After | V96: =IF(AND(C96>='Campaign Metadata'!B$4,Posts!C96<='Campaign Metadata'!C$4),"During","Before/After") -> During | W96: =IF(AND(C96>='Campaign Metadata'!B$5,Posts!C96<='Campaign Metadata'!C$5),"During","Before/After") -> Before/After
A97: P122 | B97: Instagram | C97: 2024-10-02 | D97: Text | E97: Check out our latest text on instagram! | F97: 3432 | G97: 869 | H97: 123 | I97: 54912 | J97: =F97+G97+H97/I97 -> 4301.0022 | K97: =F97+G97+H97 -> 4424 | L97: 53916 | M97: 264 | N97: #ThirstyForMore | S97: FestiveRadiance | T97: =IF(AND(C97>='Campaign Metadata'!B$2,Posts!C97<='Campaign Metadata'!C$2),"During","Before/After") -> Before/After | U97: =IF(AND(C97>='Campaign Metadata'!B$3,Posts!C97<='Campaign Metadata'!C$3),"During","Before/After") -> Before/After | V97: =IF(AND(C97>='Campaign Metadata'!B$4,Posts!C97<='Campaign Metadata'!C$4),"During","Before/After") -> During | W97: =IF(AND(C97>='Campaign Metadata'!B$5,Posts!C97<='Campaign Metadata'!C$5),"During","Before/After") -> Before/After
A98: P200 | B98: Facebook | C98: 2025-04-07 | D98: Reel | E98: Check out our latest reel on facebook! | F98: 3718 | G98: 385 | H98: 310 | I98: 70642 | J98: =F98+G98+H98/I98 -> 4103.0044 | K98: =F98+G98+H98 -> 4413 | L98: 69749 | M98: 233 | N98: #PepsiCoRefresh | S98: FestiveRadiance | T98: =IF(AND(C98>='Campaign Metadata'!B$2,Posts!C98<='Campaign Metadata'!C$2),"During","Before/After") -> Before/After | U98: =IF(AND(C98>='Campaign Metadata'!B$3,Posts!C98<='Campaign Metadata'!C$3),"During","Before/After") -> Before/After | V98: =IF(AND(C98>='Campaign Metadata'!B$4,Posts!C98<='Campaign Metadata'!C$4),"During","Before/After") -> Before/After | W98: =IF(AND(C98>='Campaign Metadata'!B$5,Posts!C98<='Campaign Metadata'!C$5),"During","Before/After") -> Before/After
A99: P141 | B99: Twitter | C99: 2024-08-31 | D99: Image | E99: Check out our latest image on twitter! | F99: 3170 | G99: 857 | H99: 379 | I99: 19020 | J99: =F99+G99+H99/I99 -> 4027.0199 | K99: =F99+G99+H99 -> 4406 | L99: 18559 | M99: 240 | N99: #LiveForNow | T99: =IF(AND(C99>='Campaign Metadata'!B$2,Posts!C99<='Campaign Metadata'!C$2),"During","Before/After") -> Before/After | U99: =IF(AND(C99>='Campaign Metadata'!B$3,Posts!C99<='Campaign Metadata'!C$3),"During","Before/After") -> Before/After | V99: =IF(AND(C99>='Campaign Metadata'!B$4,Posts!C99<='Campaign Metadata'!C$4),"During","Before/After") -> Before/After | W99: =IF(AND(C99>='Campaign Metadata'!B$5,Posts!C99<='Campaign Metadata'!C$5),"During","Before/After") -> Before/After
A100: P189 | B100: Facebook | C100: 2025-03-24 | D100: Reel | E100: Check out our latest reel on facebook! | F100: 3360 | G100: 525 | H100: 500 | I100: 60480 | J100: =F100+G100+H100/I100 -> 3885.0083 | K100: =F100+G100+H100 -> 4385 | L100: 59610 | M100: 192 | N100: #PepsiCoRefresh | S100: SummerSplash | T100: =IF(AND(C100>='Campaign Metadata'!B$2,Posts!C100<='Campaign Metadata'!C$2),"During","Before/After") -> Before/After | U100: =IF(AND(C100>='Campaign Metadata'!B$3,Posts!C100<='Campaign Metadata'!C$3),"During","Before/After") -> During | V100: =IF(AND(C100>='Campaign Metadata'!B$4,Posts!C100<='Campaign Metadata'!C$4),"During","Before/After") -> Before/After | W100: =IF(AND(C100>='Campaign Metadata'!B$5,Posts!C100<='Campaign Metadata'!C$5),"During","Before/After") -> Before/After
A101: P184 | B101: Twitter | C101: 2024-07-28 | D101: Image | E101: Check out our latest image on twitter! | F101: 3215 | G101: 960 | H101: 202 | I101: 32150 | J101: =F101+G101+H101/I101 -> 4175.0063 | K101: =F101+G101+H101 -> 4377 | L101: 31404 | M101: 251 | N101: #ThirstyForMore | S101: SummerSplash | T101: =IF(AND(C101>='Campaign Metadata'!B$2,Posts!C101<='Campaign Metadata'!C$2),"During","Before/After") -> Before/After | U101: =IF(AND(C101>='Campaign Metadata'!B$3,Posts!C101<='Campaign Metadata'!C$3),"During","Before/After") -> Before/After | V101: =IF(AND(C101>='Campaign Metadata'!B$4,Posts!C101<='Campaign Metadata'!C$4),"During","Before/After") -> Before/After | W101: =IF(AND(C101>='Campaign Metadata'!B$5,Posts!C101<='Campaign Metadata'!C$5),"During","Before/After") -> Before/After
A102: P258 | B102: Instagram | C102: 2024-08-05 | D102: Story | E102: Check out our latest story on instagram! | F102: 3601 | G102: 695 | H102: 75 | I102: 21606 | J102: =F102+G102+H102/I102 -> 4296.0035 | K102: =F102+G102+H102 -> 4371 | L102: 21454 | M102: 172 | N102: #ThirstyForMore | S102: FestiveRadiance | T102: =IF(AND(C102>='Campaign Metadata'!B$2,Posts!C102<='Campaign Metadata'!C$2),"During","Before/After") -> Before/After | U102: =IF(AND(C102>='Campaign Metadata'!B$3,Posts!C102<='Campaign Metadata'!C$3),"During","Before/After") -> Before/After | V102: =IF(AND(C102>='Campaign Metadata'!B$4,Posts!C102<='Campaign Metadata'!C$4),"During","Before/After") -> Before/After | W102: =IF(AND(C102>='Campaign Metadata'!B$5,Posts!C102<='Campaign Metadata'!C$5),"During","Before/After") -> Before/After
A103: P039 | B103: Facebook | C103: 2024-11-25 | D103: Image | E103: Check out our latest image on facebook! | F103: 3564 | G103: 629 | H103: 177 | I103: 60588 | J103: =F103+G103+H103/I103 -> 4193.0029 | K103: =F103+G103+H103 -> 4370 | L103: 59627 | M103: 92 | N103: #PepsiCoRefresh | T103: =IF(AND(C103>='Campaign Metadata'!B$2,Posts!C103<='Campaign Metadata'!C$2),"During","Before/After") -> Before/After | U103: =IF(AND(C103>='Campaign Metadata'!B$3,Posts!C103<='Campaign Metadata'!C$3),"During","Before/After") -> Before/After | V103: =IF(AND(C103>='Campaign Metadata'!B$4,Posts!C103<='Campaign Metadata'!C$4),"During","Before/After") -> Before/After | W103: =IF(AND(C103>='Campaign Metadata'!B$5,Posts!C103<='Campaign Metadata'!C$5),"During","Before/After") -> Before/After
A104: P180 | B104: YouTube | C104: 2024-12-03 | D104: Text | E104: Check out our latest text on youtube! | F104: 3711 | G104: 352 | H104: 290 | I104: 48243 | J104: =F104+G104+H104/I104 -> 4063.006 | K104: =F104+G104+H104 -> 4353 | L104: 47579 | M104: 11 | N104: #PepsiCoRefresh | S104: SummerSplash | T104: =IF(AND(C104>='Campaign Metadata'!B$2,Posts!C104<='Campaign Metadata'!C$2),"During","Before/After") -> Before/After | U104: =IF(AND(C104>='Campaign Metadata'!B$3,Posts!C104<='Campaign Metadata'!C$3),"During","Before/After") -> Before/After | V104: =IF(AND(C104>='Campaign Metadata'!B$4,Posts!C104<='Campaign Metadata'!C$4),"During","Before/After") -> Before/After | W104: =IF(AND(C104>='Campaign Metadata'!B$5,Posts!C104<='Campaign Metadata'!C$5),"During","Before/After") -> Before/After
...

Sheet Campaign Metadata
A1: Campaign_Name | B1: Start_Date | C1: End_Date | D1: Objective | E1: Total_Budget | F1: Total Engaagement During Campaign | G1: Target_Platforms | H1: Primary_Hashtags
A2: SummerSplash | B2: 2024-06-15 | C2: 2024-07-15 | D2: Brand Awareness | E2: 150000 | F2: =SUMIF(Posts!T2:T301,"During",Posts!K2:K301) -> 103773 | G2: Instagram,Facebook | H2: #ThirstyForMore,#PepsiCoRefresh
A3: DailyWellness | B3: 2025-03-01 | C3: 2025-03-31 | D3: Traffic | E3: 180000 | F3: =SUMIF(Posts!W2:W301,"During",Posts!K2:K301) -> 33044 | G3: Instagram,Twitter | H3: #BetterWithPepsi,#LiveForNow
A4: FestiveRadiance | B4: 2024-10-01 | C4: 2024-10-31 | D4: Engagement | E4: 200000 | F4: =SUMIF(Posts!U2:U301,"During",Posts!K2:K301) -> 106020 | G4: Instagram,YouTube | H4: #AnytimeIsPepsiTime,
A5: NewYearRefresh | B5: 2024-12-25 | C5: 2025-01-10 | D5: Product Launch | E5: 250000 | F5: =SUMIF(Posts!V2:V301,"During",Posts!K2:K301) -> 137691 | G5: Facebook,Twitter | H5: #SmoothLikeNitroPepsi

Sheet Engagement Summary
B1: New_Followers | C1: Unfollows | D1: Total_Followers | E1: Engagement_Rate | F1: Ad_Spend | G1: Net follwers -/+ | H1: Folower Growth | I1: Campaign Name | J1: Week_Start_Date | K1: Follower Growth | L1: Platform | M1: Campign Wise Follower Growth | N1: Net Added Follower | O1: Net Added Follower%
B2: 1135 | C2: 88 | D2: 344084 | E2: 8.06 | F2: 5904 | G2: =B2-C2 -> 1047 | H2: =G2/D2*100 -> 0.30428616 | J2: 2024-06-03 | K2: 0.30428616 | L2: Instagram | M2: Summer Splash | N2: =SUMIFS(G2:G201,$I$2:$I$201,M$2) -> 13523 | O2: =N2/$D$202*100 -> 0.025570084 | Q2: Sum of Follower Growth | R2: Column Labels
B3: 1312 | C3: 310 | D3: 42654 | E3: 4.98 | F3: 9566 | G3: =B3-C3 -> 1002 | H3: =G3/D3*100 -> 2.3491349 | J3: 2024-06-03 | K3: 2.3491349 | L3: Facebook | M3: Daily Wellness | N3: =SUMIFS(G3:G202,$I$2:$I$201,M$2) -> 12789 | O3: =N3/$D$202*100 -> 0.024182193 | Q3: Row Labels | R3: Facebook | S3: Instagram | T3: Twitter | U3: YouTube | V3: (blank) | W3: Grand Total
B4: 584 | C4: 169 | D4: 146834 | E4: 8.31 | F4: 26752 | G4: =B4-C4 -> 415 | H4: =G4/D4*100 -> 0.28263209 | J4: 2024-06-03 | K4: 0.28263209 | L4: Twitter | M4: Festive Radiance | N4: =SUMIFS(G4:G203,$I$2:$I$201,M$2) -> 12368 | O4: =N4/$D$202*100 -> 0.023386142 | Q4: 2024-06-03 | R4: 2.3491349 | S4: 0.30428616 | T4: 0.28263209 | U4: 0.27557542 | W4: 3.2116286
B5: 1535 | C5: 445 | D5: 395536 | E5: 4.11 | F5: 30671 | G5: =B5-C5 -> 1090 | H5: =G5/D5*100 -> 0.27557542 | J5: 2024-06-03 | K5: 0.27557542 | L5: YouTube | M5: NewYear Refresh | N5: =SUMIFS(G5:G204,$I$2:$I$201,M$2) -> 12389 | O5: =N5/$D$202*100 -> 0.02342585 | Q5: 2024-06-10 | R5: 0.40530082 | S5: 1.0517322 | T5: 0.073128443 | U5: 0.24016739 | W5: 1.7703289
B6: 656 | C6: 139 | D6: 49157 | E6: 9.05 | F6: 9920 | G6: =B6-C6 -> 517 | H6: =G6/D6*100 -> 1.0517322 | J6: 2024-06-10 | K6: 1.0517322 | L6: Instagram | Q6: 2024-06-17 | R6: 0.81535847 | S6: 0.19542791 | T6: 1.0551445 | U6: 0.0880238 | W6: 2.1539547
B7: 1697 | C7: 414 | D7: 316555 | E7: 2.37 | F7: 7924 | G7: =B7-C7 -> 1283 | H7: =G7/D7*100 -> 0.40530082 | J7: 2024-06-10 | K7: 0.40530082 | L7: Facebook | Q7: 2024-06-24 | R7: 6.3510173 | S7: 1.7636833 | T7: 0.27980605 | U7: -0.028860774 | W7: 8.3656458
B8: 436 | C8: 250 | D8: 254347 | E8: 4.01 | F8: 8912 | G8: =B8-C8 -> 186 | H8: =G8/D8*100 -> 0.073128443 | J8: 2024-06-10 | K8: 0.073128443 | L8: Twitter | Q8: 2024-07-01 | R8: 0.029088265 | S8: -0.052211602 | T8: 0.43037694 | U8: 0.080050669 | W8: 0.48730427
B9: 1197 | C9: 203 | D9: 413878 | E9: 3.16 | F9: 21205 | G9: =B9-C9 -> 994 | H9: =G9/D9*100 -> 0.24016739 | J9: 2024-06-10 | K9: 0.24016739 | L9: YouTube | Q9: 2024-07-08 | R9: 0.12276812 | S9: 2.8717174 | T9: 0.14032477 | U9: 0.21994574 | W9: 3.354756
B10: 1048 | C10: 155 | D10: 456946 | E10: 2.46 | F10: 11329 | G10: =B10-C10 -> 893 | H10: =G10/D10*100 -> 0.19542791 | I10: Summer Splash | J10: 2024-06-17 | K10: 0.19542791 | L10: Instagram | Q10: 2024-07-15 | R10: -0.049009939 | S10: 1.1967386 | T10: 0.18982133 | U10: 0.10211701 | W10: 1.439667
B11: 1753 | C11: 371 | D11: 169496 | E11: 8.11 | F11: 46670 | G11: =B11-C11 -> 1382 | H11: =G11/D11*100 -> 0.81535847 | I11: Summer Splash | J11: 2024-06-17 | K11: 0.81535847 | L11: Facebook | Q11: 2024-07-22 | R11: 0.32572738 | S11: 0.033557614 | T11: 0.66371458 | U11: 0.10340418 | W11: 1.1264038
B12: 1335 | C12: 40 | D12: 122732 | E12: 8.19 | F12: 22482 | G12: =B12-C12 -> 1295 | H12: =G12/D12*100 -> 1.0551445 | I12: Summer Splash | J12: 2024-06-17 | K12: 1.0551445 | L12: Twitter | Q12: 2024-07-29 | R12: -0.073097735 | S12: 2.2861731 | T12: 0.51986619 | U12: 0.76001216 | W12: 3.4929537
B13: 403 | C13: 66 | D13: 382851 | E13: 3.49 | F13: 24313 | G13: =B13-C13 -> 337 | H13: =G13/D13*100 -> 0.0880238 | I13: Summer Splash | J13: 2024-06-17 | K13: 0.0880238 | L13: YouTube | Q13: 2024-08-05 | R13: -0.15755714 | S13: 0.080371169 | T13: 0.072889861 | U13: 0.09948542 | W13: 0.095189305
B14: 911 | C14: 282 | D14: 35664 | E14: 6.92 | F14: 18050 | G14: =B14-C14 -> 629 | H14: =G14/D14*100 -> 1.7636833 | I14: Summer Splash | J14: 2024-06-24 | K14: 1.7636833 | L14: Instagram | Q14: 2024-08-12 | R14: 0.43366319 | S14: 0.27085701 | T14: 0.0085080355 | U14: 1.0113483 | W14: 1.7243765
B15: 1779 | C15: 109 | D15: 26295 | E15: 9.12 | F15: 30635 | G15: =B15-C15 -> 1670 | H15: =G15/D15*100 -> 6.3510173 | I15: Summer Splash | J15: 2024-06-24 | K15: 6.3510173 | L15: Facebook | Q15: 2024-08-19 | R15: 0.5752376 | S15: 0.023352712 | T15: 0.88256341 | U15: 0.2172844 | W15: 1.6984381
B16: 1238 | C16: 403 | D16: 298421 | E16: 3.5 | F16: 31280 | G16: =B16-C16 -> 835 | H16: =G16/D16*100 -> 0.27980605 | I16: Summer Splash | J16: 2024-06-24 | K16: 0.27980605 | L16: Twitter | Q16: 2024-08-26 | R16: 0.0097527545 | S16: 0.35456226 | T16: 0.65914381 | U16: 0.011713325 | W16: 1.0351722
B17: 308 | C17: 431 | D17: 426184 | E17: 2.62 | F17: 1783 | G17: =B17-C17 -> -123 | H17: =G17/D17*100 -> -0.028860774 | I17: Summer Splash | J17: 2024-06-24 | K17: -0.028860774 | L17: YouTube | Q17: 2024-09-02 | R17: 0.21026918 | S17: 1.2306083 | T17: 0.061798299 | U17: 0.089764429 | W17: 1.5924402
B18: 226 | C18: 445 | D18: 419447 | E18: 9.36 | F18: 9566 | G18: =B18-C18 -> -219 | H18: =G18/D18*100 -> -0.052211602 | I18: Summer Splash | J18: 2024-07-01 | K18: -0.052211602 | L18: Instagram | Q18: 2024-09-09 | R18: 0.464354 | S18: 0.41581361 | T18: 0.059901347 | U18: 1.7032346 | W18: 2.6433036
B19: 505 | C19: 441 | D19: 220020 | E19: 4.48 | F19: 42307 | G19: =B19-C19 -> 64 | H19: =G19/D19*100 -> 0.029088265 | I19: Summer Splash | J19: 2024-07-01 | K19: 0.029088265 | L19: Facebook | Q19: 2024-09-16 | R19: 0.020668042 | S19: 0.74222826 | T19: 0.28673013 | U19: -0.026681341 | W19: 1.0229451
B20: 1420 | C20: 63 | D20: 315305 | E20: 6.19 | F20: 5914 | G20: =B20-C20 -> 1357 | H20: =G20/D20*100 -> 0.43037694 | I20: Summer Splash | J20: 2024-07-01 | K20: 0.43037694 | L20: Twitter | Q20: 2024-09-23 | R20: -0.0079248226 | S20: 0.15758651 | T20: 0.62566104 | U20: 1.5923516 | W20: 2.3676744
B21: 144 | C21: 53 | D21: 113678 | E21: 8.72 | F21: 30060 | G21: =B21-C21 -> 91 | H21: =G21/D21*100 -> 0.080050669 | I21: Summer Splash | J21: 2024-07-01 | K21: 0.080050669 | L21: YouTube | Q21: 2024-09-30 | R21: -0.039477486 | S21: 0.27682577 | T21: 0.92287308 | U21: 1.8079695 | W21: 2.9681908
... B29: 224 | C29: 64 | D29: 156683 | E29: 4.56 | F29: 28474 | G29: =B29-C29 -> 160 | H29: =G29/D29*100 -> 0.10211701 | I29: Summer Splash | J29: 2024-07-15 | K29: 0.10211701 | L29: YouTube | Q29: 2024-11-25 | R29: 0.39565022 | S29: 0.59936417 | T29: 0.1107908 | U29: 1.4152075 | W29: 2.5210127
B30: 508 | C30: 349 | D30: 473812 | E30: 7.88 | F30: 17328 | G30: =B30-C30 -> 159 | H30: =G30/D30*100 -> 0.033557614 | J30: 2024-07-22 | K30: 0.033557614 | L30: Instagram | Q30: 2024-12-02 | R30: 0.36277109 | S30: 0.38511033 | T30: 0.37850431 | U30: 0.13151116 | W30: 1.2578969
B31: 1391 | C31: 430 | D31: 295032 | E31: 7.86 | F31: 26067 | G31: =B31-C31 -> 961 | H31: =G31/D31*100 -> 0.32572738 | J31: 2024-07-22 | K31: 0.32572738 | L31: Facebook | Q31: 2024-12-09 | R31: 3.8307014 | S31: 0.50721616 | T31: 8.3806474 | U31: 0.12679965 | W31: 12.845365
B32: 1701 | C32: 385 | D32: 198278 | E32: 5.34 | F32: 32763 | G32: =B32-C32 -> 1316 | H32: =G32/D32*100 -> 0.66371458 | J32: 2024-07-22 | K32: 0.66371458 | L32: Twitter | Q32: 2024-12-16 | R32: 0.33115688 | S32: 0.30759119 | T32: 0.41536388 | U32: 0.17917738 | W32: 1.2332893
B33: 804 | C33: 487 | D33: 306564 | E33: 5.52 | F33: 26452 | G33: =B33-C33 -> 317 | H33: =G33/D33*100 -> 0.10340418 | J33: 2024-07-22 | K33: 0.10340418 | L33: YouTube | Q33: 2024-12-23 | R33: 0.78202835 | S33: 0.24359408 | T33: 1.1230415 | U33: 6.3113159 | W33: 8.4599798
B34: 653 | C34: 112 | D34: 23664 | E34: 4.05 | F34: 15353 | G34: =B34-C34 -> 541 | H34: =G34/D34*100 -> 2.2861731 | J34: 2024-07-29 | K34: 2.2861731 | L34: Instagram | Q34: 2024-12-30 | R34: 0.46806929 | S34: 1.2535155 | T34: 0.5563419 | U34: 1.0669005 | W34: 3.3448272
B35: 160 | C35: 478 | D35: 435034 | E35: 7.73 | F35: 4839 | G35: =B35-C35 -> -318 | H35: =G35/D35*100 -> -0.073097735 | J35: 2024-07-29 | K35: -0.073097735 | L35: Facebook | Q35: 2025-01-06 | R35: 0.64766839 | S35: 0.19361811 | T35: 0.32008104 | U35: 0.88669951 | W35: 2.0480671
B36: 1756 | C36: 261 | D36: 287574 | E36: 4.36 | F36: 39272 | G36: =B36-C36 -> 1495 | H36: =G36/D36*100 -> 0.51986619 | J36: 2024-07-29 | K36: 0.51986619 | L36: Twitter | Q36: 2025-01-13 | R36: 0.13262186 | S36: 0.49282654 | T36: -0.029514487 | U36: 6.2409088 | W36: 6.8368427
B37: 576 | C37: 101 | D37: 62499 | E37: 3.48 | F37: 16804 | G37: =B37-C37 -> 475 | H37: =G37/D37*100 -> 0.76001216 | J37: 2024-07-29 | K37: 0.76001216 | L37: YouTube | Q37: 2025-01-20 | R37: 0.089052952 | S37: 0.40971536 | T37: 0.71621491 | U37: 0.21486931 | W37: 1.4298525
B38: 645 | C38: 293 | D38: 437968 | E38: 7.83 | F38: 49303 | G38: =B38-C38 -> 352 | H38: =G38/D38*100 -> 0.080371169 | J38: 2024-08-05 | K38: 0.080371169 | L38: Instagram | Q38: 2025-01-27 | R38: 0.27948348 | S38: -0.046464109 | T38: 0.54309534 | U38: 0.26534162 | W38: 1.0414563
B39: 214 | C39: 411 | D39: 125034 | E39: 6.11 | F39: 26455 | G39: =B39-C39 -> -197 | H39: =G39/D39*100 -> -0.15755714 | J39: 2024-08-05 | K39: -0.15755714 | L39: Facebook | Q39: 2025-02-03 | R39: 0.55005258 | S39: 0.30720568 | T39: 0.32046589 | U39: -0.074972485 | W39: 1.1027517
B40: 826 | C40: 498 | D40: 449994 | E40: 9.43 | F40: 12384 | G40: =B40-C40 -> 328 | H40: =G40/D40*100 -> 0.072889861 | J40: 2024-08-05 | K40: 0.072889861 | L40: Twitter | Q40: 2025-02-10 | R40: 0.29427519 | S40: 0.77568587 | T40: 0.94958209 | U40: 0.29756017 | W40: 2.3171033
B41: 460 | C41: 141 | D41: 320650 | E41: 4.04 | F41: 49372 | G41: =B41-C41 -> 319 | H41: =G41/D41*100 -> 0.09948542 | J41: 2024-08-05 | K41: 0.09948542 | L41: YouTube | Q41: 2025-02-17 | R41: 1.5147618 | S41: 0.21291007 | T41: -0.025410692 | U41: 1.1086998 | W41: 2.8109609
... B53: 422 | C53: 394 | D53: 239044 | E53: 7.83 | F53: 32929 | G53: =B53-C53 -> 28 | H53: =G53/D53*100 -> 0.011713325 | J53: 2024-08-26 | K53: 0.011713325 | L53: YouTube | Q53: 2025-05-12 | R53: 0.11156187 | S53: 0.35361872 | T53: 0.058952702 | U53: -0.40819787 | W53: 0.11593541
B54: 1429 | C54: 182 | D54: 101332 | E54: 7.16 | F54: 37829 | G54: =B54-C54 -> 1247 | H54: =G54/D54*100 -> 1.2306083 | J54: 2024-09-02 | K54: 1.2306083 | L54: Instagram | Q54: (blank)
B55: 1520 | C55: 475 | D55: 496982 | E55: 6.41 | F55: 24384 | G55: =B55-C55 -> 1045 | H55: =G55/D55*100 -> 0.21026918 | J55: 2024-09-02 | K55: 0.21026918 | L55: Facebook | Q55: Grand Total | R55: 27.324953 | S55: 28.812661 | T55: 46.400128 | U55: 45.105333 | W55: 147.64308
B56: 557 | C56: 360 | D56: 318779 | E56: 8.02 | F56: 25797 | G56: =B56-C56 -> 197 | H56: =G56/D56*100 -> 0.061798299 | J56: 2024-09-02 | K56: 0.061798299 | L56: Twitter
B57: 728 | C57: 395 | D57: 370971 | E57: 3.86 | F57: 12646 | G57: =B57-C57 -> 333 | H57: =G57/D57*100 -> 0.089764429 | J57: 2024-09-02 | K57: 0.089764429 | L57: YouTube
B58: 1592 | C58: 20 | D58: 378054 | E58: 9.09 | F58: 26663 | G58: =B58-C58 -> 1572 | H58: =G58/D58*100 -> 0.41581361 | J58: 2024-09-09 | K58: 0.41581361 | L58: Instagram
B59: 1842 | C59: 414 | D59: 307524 | E59: 1.76 | F59: 40478 | G59: =B59-C59 -> 1428 | H59: =G59/D59*100 -> 0.464354 | J59: 2024-09-09 | K59: 0.464354 | L59: Facebook
B60: 751 | C60: 491 | D60: 434047 | E60: 9.24 | F60: 15476 | G60: =B60-C60 -> 260 | H60: =G60/D60*100 -> 0.059901347 | J60: 2024-09-09 | K60: 0.059901347 | L60: Twitter
B61: 1409 | C61: 309 | D61: 64583 | E61: 8.99 | F61: 10217 | G61: =B61-C61 -> 1100 | H61: =G61/D61*100 -> 1.7032346 | J61: 2024-09-09 | K61: 1.7032346 | L61: YouTube
B62: 778 | C62: 401 | D62: 50793 | E62: 3.4 | F62: 21939 | G62: =B62-C62 -> 377 | H62: =G62/D62*100 -> 0.74222826 | J62: 2024-09-16 | K62: 0.74222826 | L62: Instagram
B63: 443 | C63: 345 | D63: 474162 | E63: 9.2 | F63: 47462 | G63: =B63-C63 -> 98 | H63: =G63/D63*100 -> 0.020668042 | J63: 2024-09-16 | K63: 0.020668042 | L63: Facebook
B64: 1472 | C64: 347 | D64: 392355 | E64: 8.59 | F64: 30270 | G64: =B64-C64 -> 1125 | H64: =G64/D64*100 -> 0.28673013 | J64: 2024-09-16 | K64: 0.28673013 | L64: Twitter
B65: 123 | C65: 155 | D65: 119934 | E65: 3.5 | F65: 5442 | G65: =B65-C65 -> -32 | H65: =G65/D65*100 -> -0.026681341 | J65: 2024-09-16 | K65: -0.026681341 | L65: YouTube
B66: 817 | C66: 151 | D66: 422625 | E66: 2.36 | F66: 1083 | G66: =B66-C66 -> 666 | H66: =G66/D66*100 -> 0.15758651 | J66: 2024-09-23 | K66: 0.15758651 | L66: Instagram
B67: 198 | C67: 217 | D67: 239753 | E67: 7.36 | F67: 11901 | G67: =B67-C67 -> -19 | H67: =G67/D67*100 -> -0.0079248226 | J67: 2024-09-23 | K67: -0.0079248226 | L67: Facebook
... B73: 1918 | C73: 212 | D73: 94360 | E73: 7.36 | F73: 36851 | G73: =B73-C73 -> 1706 | H73: =G73/D73*100 -> 1.8079695 | J73: 2024-09-30 | K73: 1.8079695 | L73: YouTube
B74: 1939 | C74: 67 | D74: 187183 | E74: 6.25 | F74: 41215 | G74: =B74-C74 -> 1872 | H74: =G74/D74*100 -> 1.0000908 | I74: Festive Radience | J74: 2024-10-07 | K74: 1.0000908 | L74: Instagram
B75: 1929 | C75: 267 | D75: 379363 | E75: 1.75 | F75: 43836 | G75: =B75-C75 -> 1662 | H75: =G75/D75*100 -> 0.43810282 | I75: Festive Radience | J75: 2024-10-07 | K75: 0.43810282 | L75: Facebook
B76: 437 | C76: 330 | D76: 476486 | E76: 4.97 | F76: 4509 | G76: =B76-C76 -> 107 | H76: =G76/D76*100 -> 0.022456064 | I76: Festive Radience | J76: 2024-10-07 | K76: 0.022456064 | L76: Twitter
B77: 307 | C77: 189 | D77: 117767 | E77: 9.3 | F77: 27822 | G77: =B77-C77 -> 118 | H77: =G77/D77*100 -> 0.10019785 | I77: Festive Radience | J77: 2024-10-07 | K77: 0.10019785 | L77: YouTube
B78: 1527 | C78: 303 | D78: 388555 | E78: 8.9 | F78: 36397 | G78: =B78-C78 -> 1224 | H78: =G78/D78*100 -> 0.31501332 | I78: Festive Radience | J78: 2024-10-14 | K78: 0.31501332 | L78: Instagram
B79: 643 | C79: 358 | D79: 157599 | E79: 3.88 | F79: 7285 | G79: =B79-C79 -> 285 | H79: =G79/D79*100 -> 0.18083871 | I79: Festive Radience | J79: 2024-10-14 | K79: 0.18083871 | L79: Facebook
B80: 201 | C80: 221 | D80: 309772 | E80: 5.9 | F80: 33174 | G80: =B80-C80 -> -20 | H80: =G80/D80*100 -> -0.0064563615 | I80: Festive Radience | J80: 2024-10-14 | K80: -0.0064563615 | L80: Twitter
B81: 414 | C81: 47 | D81: 199178 | E81: 1.53 | F81: 6742 | G81: =B81-C81 -> 367 | H81: =G81/D81*100 -> 0.1842573 | I81: Festive Radience | J81: 2024-10-14 | K81: 0.1842573 | L81: YouTube
B82: 703 | C82: 441 | D82: 357089 | E82: 6.5 | F82: 32478 | G82: =B82-C82 -> 262 | H82: =G82/D82*100 -> 0.073371064 | I82: Festive Radience | J82: 2024-10-21 | K82: 0.073371064 | L82: Instagram
B83: 508 | C83: 69 | D83: 23492 | E83: 3.16 | F83: 42824 | G83: =B83-C83 -> 439 | H83: =G83/D83*100 -> 1.8687213 | I83: Festive Radience | J83: 2024-10-21 | K83: 1.8687213 | L83: Facebook
B84: 697 | C84: 61 | D84: 258287 | E84: 8.25 | F84: 21208 | G84: =B84-C84 -> 636 | H84: =G84/D84*100 -> 0.24623771 | I84: Festive Radience | J84: 2024-10-21 | K84: 0.24623771 | L84: Twitter
B85: 1707 | C85: 223 | D85: 256910 | E85: 5.41 | F85: 44321 | G85: =B85-C85 -> 1484 | H85: =G85/D85*100 -> 0.57763419 | I85: Festive Radience | J85: 2024-10-21 | K85: 0.57763419 | L85: YouTube
... B89: 1814 | C89: 157 | D89: 305827 | E89: 1.99 | F89: 46643 | G89: =B89-C89 -> 1657 | H89: =G89/D89*100 -> 0.54180959 | I89: Festive Radience | J89: 2024-10-28 | K89: 0.54180959 | L89: YouTube
B90: 1466 | C90: 69 | D90: 54935 | E90: 6.85 | F90: 36484 | G90: =B90-C90 -> 1397 | H90: =G90/D90*100 -> 2.5430054 | J90: 2024-11-04 | K90: 2.5430054 | L90: Instagram
B91: 947 | C91: 407 | D91: 319186 | E91: 3.32 | F91: 4996 | G91: =B91-C91 -> 540 | H91: =G91/D91*100 -> 0.16918035 | J91: 2024-11-04 | K91: 0.16918035 | L91: Facebook
B92: 1821 | C92: 218 | D92: 439080 | E92: 5.68 | F92: 36095 | G92: =B92-C92 -> 1603 | H92: =G92/D92*100 -> 0.36508153 | J92: 2024-11-04 | K92: 0.36508153 | L92: Twitter
B93: 1507 | C93: 463 | D93: 258944 | E93: 6.08 | F93: 16443 | G93: =B93-C93 -> 1044 | H93: =G93/D93*100 -> 0.40317598 | J93: 2024-11-04 | K93: 0.40317598 | L93: YouTube
B94: 1075 | C94: 173 | D94: 51395 | E94: 4.66 | F94: 47812 | G94: =B94-C94 -> 902 | H94: =G94/D94*100 -> 1.7550345 | J94: 2024-11-11 | K94: 1.7550345 | L94: Instagram
B95: 171 | C95: 277 | D95: 309483 | E95: 8.7 | F95: 38452 | G95: =B95-C95 -> -106 | H95: =G95/D95*100 -> -0.03425067 | J95: 2024-11-11 | K95: -0.03425067 | L95: Facebook
B96: 1487 | C96: 337 | D96: 87305 | E96: 2.46 | F96: 30428 | G96: =B96-C96 -> 1150 | H96: =G96/D96*100 -> 1.3172212 | J96: 2024-11-11 | K96: 1.3172212 | L96: Twitter
B97: 454 | C97: 105 | D97: 121091 | E97: 7.97 | F97: 9269 | G97: =B97-C97 -> 349 | H97: =G97/D97*100 -> 0.288213 | J97: 2024-11-11 | K97: 0.288213 | L97: YouTube
B98: 187 | C98: 236 | D98: 51087 | E98: 9.41 | F98: 29533 | G98: =B98-C98 -> -49 | H98: =G98/D98*100 -> -0.095914812 | J98: 2024-11-18 | K98: -0.095914812 | L98: Instagram
B99: 513 | C99: 441 | D99: 338847 | E99: 2.68 | F99: 39997 | G99: =B99-C99 -> 72 | H99: =G99/D99*100 -> 0.021248528 | J99: 2024-11-18 | K99: 0.021248528 | L99: Facebook
B100: 628 | C100: 183 | D100: 487523 | E100: 7.32 | F100: 5391 | G100: =B100-C100 -> 445 | H100: =G100/D100*100 -> 0.091277745 | J100: 2024-11-18 | K100: 0.091277745 | L100: Twitter
B101: 278 | C101: 218 | D101: 301695 | E101: 4.68 | F101: 22373 | G101: =B101-C101 -> 60 | H101: =G101/D101*100 -> 0.019887635 | J101: 2024-11-18 | K101: 0.019887635 | L101: YouTube
... B121: 1900 | C121: 311 | D121: 25177 | E121: 2.89 | F121: 14154 | G121: =B121-C121 -> 1589 | H121: =G121/D121*100 -> 6.3113159 | J121: 2024-12-23 | K121: 6.3113159 | L121: YouTube
B122: 1814 | C122: 49 | D122: 140804 | E122: 1.76 | F122: 4313 | G122: =B122-C122 -> 1765 | H122: =G122/D122*100 -> 1.2535155 | I122: New Year Refresh | J122: 2024-12-30 | K122: 1.2535155 | L122: Instagram
B123: 1980 | C123: 204 | D123: 379431 | E123: 3.09 | F123: 25140 | G123: =B123-C123 -> 1776 | H123: =G123/D123*100 -> 0.46806929 | I123: New Year Refresh | J123: 2024-12-30 | K123: 0.46806929 | L123: Facebook
B124: 1786 | C124: 257 | D124: 274831 | E124: 4.68 | F124: 9118 | G124: =B124-C124 -> 1529 | H124: =G124/D124*100 -> 0.5563419 | I124: New Year Refresh | J124: 2024-12-30 | K124: 0.5563419 | L124: Twitter
B125: 1495 | C125: 35 | D125: 136845 | E125: 4.48 | F125: 39931 | G125: =B125-C125 -> 1460 | H125: =G125/D125*100 -> 1.0669005 | I125: New Year Refresh | J125: 2024-12-30 | K125: 1.0669005 | L125: YouTube
B126: 1013 | C126: 110 | D126: 466382 | E126: 5.3 | F126: 37132 | G126: =B126-C126 -> 903 | H126: =G126/D126*100 -> 0.19361811 | I126: New Year Refresh | J126: 2025-01-06 | K126: 0.19361811 | L126: Instagram
B127: 816 | C127: 196 | D127: 95728 | E127: 8.2 | F127: 17951 | G127: =B127-C127 -> 620 | H127: =G127/D127*100 -> 0.64766839 | I127: New Year Refresh | J127: 2025-01-06 | K127: 0.64766839 | L127: Facebook
B128: 1633 | C128: 445 | D128: 371156 | E128: 2.22 | F128: 2798 | G128: =B128-C128 -> 1188 | H128: =G128/D128*100 -> 0.32008104 | I128: New Year Refresh | J128: 2025-01-06 | K128: 0.32008104 | L128: Twitter
B129: 891 | C129: 45 | D129: 95410 | E129: 8.33 | F129: 15045 | G129: =B129-C129 -> 846 | H129: =G129/D129*100 -> 0.88669951 | I129: New Year Refresh | J129: 2025-01-06 | K129: 0.88669951 | L129: YouTube
B130: 1855 | C130: 133 | D130: 349413 | E130: 3.3 | F130: 14548 | G130: =B130-C130 -> 1722 | H130: =G130/D130*100 -> 0.49282654 | J130: 2025-01-13 | K130: 0.49282654 | L130: Instagram
B131: 651 | C131: 353 | D131: 224699 | E131: 5.61 | F131: 45708 | G131: =B131-C131 -> 298 | H131: =G131/D131*100 -> 0.13262186 | J131: 2025-01-13 | K131: 0.13262186 | L131: Facebook
B132: 118 | C132: 262 | D132: 487896 | E132: 2.56 | F132: 12350 | G132: =B132-C132 -> -144 | H132: =G132/D132*100 -> -0.029514487 | J132: 2025-01-13 | K132: -0.029514487 | L132: Twitter
B133: 1331 | C133: 430 | D133: 14437 | E133: 3.29 | F133: 40868 | G133: =B133-C133 -> 901 | H133: =G133/D133*100 -> 6.2409088 | J133: 2025-01-13 | K133: 6.2409088 | L133: YouTube
B134: 1748 | C134: 176 | D134: 383681 | E134: 9.24 | F134: 43122 | G134: =B134-C134 -> 1572 | H134: =G134/D134*100 -> 0.40971536 | J134: 2025-01-20 | K134: 0.40971536 | L134: Instagram
B135: 663 | C135: 236 | D135: 479490 | E135: 4.51 | F135: 23853 | G135: =B135-C135 -> 427 | H135: =G135/D135*100 -> 0.089052952 | J135: 2025-01-20 | K135: 0.089052952 | L135: Facebook
B136: 1040 | C136: 149 | D136: 124404 | E136: 5.23 | F136: 45380 | G136: =B136-C136 -> 891 | H136: =G136/D136*100 -> 0.71621491 | J136: 2025-01-20 | K136: 0.71621491 | L136: Twitter
B137: 1166 | C137: 442 | D137: 336949 | E137: 4.68 | F137: 7705 | G137: =B137-C137 -> 724 | H137: =G137/D137*100 -> 0.21486931 | J137: 2025-01-20 | K137: 0.21486931 | L137: YouTube
B138: 115 | C138: 281 | D138: 357265 | E138: 9.23 | F138: 25525 | G138: =B138-C138 -> -166 | H138: =G138/D138*100 -> -0.046464109 | J138: 2025-01-27 | K138: -0.046464109 | L138: Instagram
B139: 1249 | C139: 351 | D139: 321307 | E139: 6.37 | F139: 20560 | G139: =B139-C139 -> 898 | H139: =G139/D139*100 -> 0.27948348 | J139: 2025-01-27 | K139: 0.27948348 | L139: Facebook
B140: 1501 | C140: 75 | D140: 262569 | E140: 2.01 | F140: 19119 | G140: =B140-C140 -> 1426 | H140: =G140/D140*100 -> 0.54309534 | J140: 2025-01-27 | K140: 0.54309534 | L140: Twitter
B141: 1411 | C141: 186 | D141: 461669 | E141: 3.72 | F141: 43999 | G141: =B141-C141 -> 1225 | H141: =G141/D141*100 -> 0.26534162 | J141: 2025-01-27 | K141: 0.26534162 | L141: YouTube
... B157: 1063 | C157: 47 | D157: 464239 | E157: 6.58 | F157: 39031 | G157: =B157-C157 -> 1016 | H157: =G157/D157*100 -> 0.21885279 | J157: 2025-02-24 | K157: 0.21885279 | L157: YouTube
B158: 1371 | C158: 56 | D158: 257579 | E158: 8.62 | F158: 33799 | G158: =B158-C158 -> 1315 | H158: =G158/D158*100 -> 0.51052299 | I158: Daily Wellness | J158: 2025-03-03 | K158: 0.51052299 | L158: Instagram
B159: 345 | C159: 464 | D159: 366881 | E159: 4.55 | F159: 20553 | G159: =B159-C159 -> -119 | H159: =G159/D159*100 -> -0.032435585 | I159: Daily Wellness | J159: 2025-03-03 | K159: -0.032435585 | L159: Facebook
B160: 946 | C160: 47 | D160: 466575 | E160: 8.33 | F160: 10002 | G160: =B160-C160 -> 899 | H160: =G160/D160*100 -> 0.19268071 | I160: Daily Wellness | J160: 2025-03-03 | K160: 0.19268071 | L160: Twitter
...

Sheet Engagement Analysis 1
A35: Hashtags | B35: Count | C35: Rank | E35: Row Labels | F35: Sum of Total Engagement | H35: Hastags | I35: Count
A36: #PepsiCoRefresh | B36: 107 | C36: =RANK(B36,$B$36:$B$53) -> 1 | E36: Facebook | F36: 5973 | H36: #PepsiCoRefresh | I36: =COUNTIF(Posts!N2:P301,"#PepsiCoRefresh") -> 107
A37: #LiveForNow | B37: 103 | C37: =RANK(B37,$B$36:$B$53) -> 2 | E37: Image | F37: 5973 | H37: #ThirstyForMore | I37: =COUNTIF(Posts!N2:P301,"#ThirstyForMore") -> 102
A38: #ThirstyForMore | B38: 102 | C38: =RANK(B38,$B$36:$B$53) -> 3 | E38: Instagram | F38: 17869 | H38: #LiveForNow | I38: =COUNTIF(Posts!N2:P301,"#LiveForNow") -> 103 | AF38: Row Labels | AG38: Sum of Count
A39: #AnytimeIsPepsiTime | B39: 15 | C39: =RANK(B39,$B$36:$B$53) -> 4 | E39: Image | F39: 11969 | H39: #SmoothLikeNitroPepsi | I39: =COUNTIF(Posts!N2:P301,"#SmoothLikeNitroPepsi") -> 5 | AF39: #AnytimeIsPepsiTime | AG39: 15
A40: #BetterWithPepsi | B40: 15 | C40: =RANK(B40,$B$36:$B$53) -> 4 | E40: Story | F40: 5900 | H40: #AnytimeIsPepsiTime | I40: =COUNTIF(Posts!N2:P301,"#AnytimeIsPepsiTime") -> 15 | AF40: #BetterWithPepsi | AG40: 15
A41: #SmoothLikeNitroPepsi | B41: 5 | C41: =RANK(B41,$B$36:$B$53) -> 6 | E41: Twitter | F41: 12191 | H41: #BetterWithPepsi | I41: =COUNTIF(Posts!N2:P301,"#AnytimeIsPepsiTime") -> 15 | AF41: #LiveForNow | AG41: 103
E42: Text | F42: 5913 | AF42: #PepsiCoRefresh | AG42: 107
A43: Platform | B43: Content Type | C43: Total Engagement | E43: Video | F43: 6278 | H43: Row Labels | I43: Sum of Average Engagement Rate | AF43: #SmoothLikeNitroPepsi | AG43: 5
A44: Twitter | B44: Video | C44: 6278 | E44: YouTube | F44: 24099 | H44: #AnytimeIsPepsiTime | I44: 5690.0047 | AF44: #ThirstyForMore | AG44: 102
A45: YouTube | B45: Story | C45: 6130 | E45: Image | F45: 5879 | H45: #BetterWithPepsi | I45: 5440.0072 | AF45: Grand Total | AG45: 347
A46: YouTube | B46: Text | C46: 6061 | E46: Story | F46: 6130 | H46: #LiveForNow | I46: 5905.004
A47: Instagram | B47: Image | C47: 6030 | E47: Text | F47: 6061 | H47: #PepsiCoRefresh | I47: 11465.028
A48: YouTube | B48: Video | C48: 6029 | E48: Video | F48: 6029 | H48: #SmoothLikeNitroPepsi | I48: 5547.0071
A49: Facebook | B49: Image | C49: 5973 | E49: Grand Total | F49: 60132 | H49: #ThirstyForMore | I49: 11475.007
A50: Instagram | B50: Image | C50: 5939 | H50: Grand Total | I50: 45522.058
A51: Twitter | B51: Text | C51: 5913
A52: Instagram | B52: Story | C52: 5900
A53: YouTube | B53: Image | C53: 5879

Sheet SocialMedia Platform Analysis 2
W1: Row Labels | X1: Sum of Folower Growth
W2: Facebook | X2: 27.324953
W3: Instagram | X3: 28.812661
W4: Twitter | X4: 46.400128
W5: YouTube | X5: 45.105333
W6: Grand Total | X6: 147.64308
W9: Row Labels | X9: Sum of Ad_Spend
W10: Facebook | X10: 1379539
W11: Instagram | X11: 1164373
W12: Twitter | X12: 1060357
W13: YouTube | X13: 1228647
W14: Grand Total | X14: 4832916
W16: Platform | X16: Total Engagement | Y16: Ad Spend
W17: {=_xlfn.UNIQUE(Posts!B2:B301)} -> Twitter | X17: =SUMIF(Posts!B2:B301,"Twitter",Posts!K2:K301) -> 256005 | Y17: =SUMIF('Engagement Summary'!L2:L201,"Twitter",'Engagement Summary'!F2:F201) -> 1060357
W18: YouTube | X18: =SUMIF(Posts!B2:B301,"YouTube",Posts!K2:K301) -> 212941 | Y18: =SUMIF('Engagement Summary'!L2:L201,"YouTube",'Engagement Summary'!F2:F201) -> 1228647
W19: Instagram | X19: =SUMIF(Posts!B2:B301,"Instagram",Posts!K2:K301) -> 263579 | Y19: =SUMIF('Engagement Summary'!L2:L201,"Instagram",'Engagement Summary'!F2:F201) -> 1164373
W20: Facebook | X20: =SUMIF(Posts!B2:B301,"Facebook",Posts!K2:K301) -> 305242 | Y20: =SUMIF('Engagement Summary'!L2:L201,"Facebook",'Engagement Summary'!F2:F201) -> 1379539

Sheet HasTags & Content Strategy 3
W1: Row Labels | X1: Sum of Average Engagement Rate
W2: #AnytimeIsPepsiTime | X2: 5690.0047
W3: #BetterWithPepsi | X3: 5440.0072
W4: #LiveForNow | X4: 5905.004
W5: #PepsiCoRefresh | X5: 11465.028
W6: #SmoothLikeNitroPepsi | X6: 5547.0071
W7: #ThirstyForMore | X7: 11475.007
W8: Grand Total | X8: 45522.058
W10: Row Labels | X10: Sum of Reach
W11: Carousel | X11: 2084819
W12: Facebook | X12: 558118
W13: Instagram | X13: 526691
W14: Twitter | X14: 609023
W15: YouTube | X15: 390987
W16: Image | X16: 2224104
W17: Facebook | X17: 975067
W18: Instagram | X18: 388193
W19: Twitter | X19: 490353
W20: YouTube | X20: 370491
W21: Reel | X21: 1630594
W22: Facebook | X22: 482519
... W41: Grand Total | X41: 10231623
W43: Row Labels | X43: Sum of Count of Hashtags
W44: #AnytimeIsPepsiTime | X44: 15
W45: #BetterWithPepsi | X45: 7
W46: #LiveForNow | X46: 103
W47: #PepsiCoRefresh | X47: 214
W48: #SmoothLikeNitroPepsi | X48: 5
W49: #ThirstyForMore | X49: 204
W50: Grand Total | X50: 548

Sheet Campaign Efectiveness 4
AD1: Campaign Name | AE1: Total Impresions
AD2: {=_xlfn.UNIQUE(Posts!S2:S301)} -> SummerSplash | AE2: =SUMIF(Posts!$S$2:$S$301,'Campaign Efectiveness 4'!AD2,Posts!$I$2:$I$301) -> 1846272
AD3: DailyWellness | AE3: =SUMIF(Posts!$S$2:$S$301,'Campaign Efectiveness 4'!AD3,Posts!$I$2:$I$301) -> 2464864
AD4: NewYearRefresh | AE4: =SUMIF(Posts!$S$2:$S$301,'Campaign Efectiveness 4'!AD4,Posts!$I$2:$I$301) -> 2266053
AD5: FestiveRadiance | AE5: =SUMIF(Posts!$S$2:$S$301,'Campaign Efectiveness 4'!AD5,Posts!$I$2:$I$301) -> 1986356
AD6: 0
AD8: Campaign Name | AE8: Total Likes
AD9: SummerSplash | AE9: =SUMIF(Posts!$S:$S,'Campaign Efectiveness 4'!AD9,Posts!F2:F301) -> 136302
AD10: DailyWellness | AE10: =SUMIF(Posts!$S:$S,'Campaign Efectiveness 4'!AD10,Posts!F3:F302) -> 187249
AD11: NewYearRefresh | AE11: =SUMIF(Posts!$S:$S,'Campaign Efectiveness 4'!AD11,Posts!F4:F303) -> 184943
AD12: FestiveRadiance | AE12: =SUMIF(Posts!$S:$S,'Campaign Efectiveness 4'!AD12,Posts!F5:F304) -> 155500
AD14: Campaign Name | AE14: Total Clicks
AD15: SummerSplash | AE15: =SUMIF(Posts!$S:$S,'Campaign Efectiveness 4'!AD15,Posts!M:M) -> 6434
AD16: DailyWellness | AE16: =SUMIF(Posts!$S:$S,'Campaign Efectiveness 4'!AD16,Posts!M:M) -> 10689
AD17: NewYearRefresh | AE17: =SUMIF(Posts!$S:$S,'Campaign Efectiveness 4'!AD17,Posts!M:M) -> 10032
AD18: FestiveRadiance | AE18: =SUMIF(Posts!$S:$S,'Campaign Efectiveness 4'!AD18,Posts!M:M) -> 9872
AD20: Campaign Name | AE20: Average Impresion
AD21: SummerSplash | AE21: =AVERAGEIF(Posts!$S:$S,'Campaign Efectiveness 4'!AD21,Posts!I2:I301) -> 36356.292
AD22: DailyWellness | AE22: =AVERAGEIF(Posts!$S:$S,'Campaign Efectiveness 4'!AD22,Posts!I3:I302) -> 36277.07
AD23: NewYearRefresh | AE23: =AVERAGEIF(Posts!$S:$S,'Campaign Efectiveness 4'!AD23,Posts!I4:I303) -> 35070.803
AD24: FestiveRadiance | AE24: =AVERAGEIF(Posts!$S:$S,'Campaign Efectiveness 4'!AD24,Posts!I5:I304) -> 36418.071
AD26: Campaign Name | AE26: Average Likes
AD27: SummerSplash | AE27: =AVERAGEIF(Posts!$S$2:$S$301,'Campaign Efectiveness 4'!AD27,Posts!$F:$F) -> 2879.5745
AD28: DailyWellness | AE28: =AVERAGEIF(Posts!$S$2:$S$301,'Campaign Efectiveness 4'!AD28,Posts!$F:$F) -> 2598.0282
AD29: NewYearRefresh | AE29: =AVERAGEIF(Posts!$S$2:$S$301,'Campaign Efectiveness 4'!AD29,Posts!$F:$F) -> 2829.5224
AD30: FestiveRadiance | AE30: =AVERAGEIF(Posts!$S$2:$S$301,'Campaign Efectiveness 4'!AD30,Posts!$F:$F) -> 2806.4828
AD32: Campaign Name | AE32: Average Clicks
AD33: SummerSplash | AE33: =AVERAGEIF(Posts!$S:$S,'Campaign Efectiveness 4'!AD33,Posts!$M:$M) -> 134.04167
AD34: DailyWellness | AE34: =AVERAGEIF(Posts!$S:$S,'Campaign Efectiveness 4'!AD34,Posts!$M:$M) -> 150.5493
AD35: NewYearRefresh | AE35: =AVERAGEIF(Posts!$S:$S,'Campaign Efectiveness 4'!AD35,Posts!$M:$M) -> 149.73134
AD36: FestiveRadiance | AE36: =AVERAGEIF(Posts!$S:$S,'Campaign Efectiveness 4'!AD36,Posts!$M:$M) -> 170.2069

Sheet Follower Retention & Audience 5

Sheet Video Explanation Link
A1: Video Explanation Drive Link
A2: https://drive.google.com/file/d/1uEgTZugu5U6_o9mg2Bqp61beN8XTSkER/view?usp=drive_link
